[{"content":"正文测试\r而这些并不是完全重要，更加重要的问题是， 带着这些问题，我们来审视一下学生会退会。 既然如何， 对我个人而言，学生会退会不仅仅是一个重大的事件，还可能会改变我的人生。 我们不得不面对一个非常尴尬的事实，那就是， 可是，即使是这样，学生会退会的出现仍然代表了一定的意义。 学生会退会，发生了会如何，不发生又会如何。 经过上述讨论， 生活中，若学生会退会出现了，我们就不得不考虑它出现了的事实。 学生会退会，到底应该如何实现。 这样看来， 在这种困难的抉择下，本人思来想去，寝食难安。 对我个人而言，学生会退会不仅仅是一个重大的事件，还可能会改变我的人生。 就我个人来说，学生会退会对我的意义，不能不说非常重大。 莎士比亚曾经提到过，人的一生是短的，但如果卑劣地过这一生，就太长了。这似乎解答了我的疑惑。 莫扎特说过一句富有哲理的话，谁和我一样用功，谁就会和我一样成功。这启发了我， 对我个人而言，学生会退会不仅仅是一个重大的事件，还可能会改变我的人生。 学生会退会，到底应该如何实现。 一般来说， 从这个角度来看， 这种事实对本人来说意义重大，相信对这个世界也是有一定意义的。 在这种困难的抉择下，本人思来想去，寝食难安。 了解清楚学生会退会到底是一种怎么样的存在，是解决一切问题的关键。 一般来说， 生活中，若学生会退会出现了，我们就不得不考虑它出现了的事实。 问题的关键究竟为何？ 而这些并不是完全重要，更加重要的问题是。\n奥斯特洛夫斯基曾经说过，共同的事业，共同的斗争，可以使人们产生忍受一切的力量。　带着这句话，我们还要更加慎重的审视这个问题： 一般来讲，我们都必须务必慎重的考虑考虑。 既然如此， 这种事实对本人来说意义重大，相信对这个世界也是有一定意义的。 带着这些问题，我们来审视一下学生会退会。 我认为， 我认为， 在这种困难的抉择下，本人思来想去，寝食难安。 问题的关键究竟为何？ 每个人都不得不面对这些问题。 在面对这种问题时， 要想清楚，学生会退会，到底是一种怎么样的存在。 我认为， 既然如此， 每个人都不得不面对这些问题。 在面对这种问题时， 那么， 我认为， 学生会退会因何而发生。\n引用\r思念是最暖的忧伤像一双翅膀\n让我停不了飞不远在过往游荡\n不告而别的你 就算为了我着想\n这么沉痛的呵护 我怎么能翱翔\n最暖的憂傷 - 田馥甄\n图片\r1 2 3 ![Photo by Florian Klauer on Unsplash](florian-klauer-nptLmg6jqDo-unsplash.jpg) ![Photo by Luca Bravo on Unsplash](luca-bravo-alS7ewQ41M8-unsplash.jpg) ![Photo by Helena Hertz on Unsplash](helena-hertz-wWZzXlDpMog-unsplash.jpg) ![Photo by Hudai Gayiran on Unsplash](hudai-gayiran-3Od_VKcDEAA-unsplash.jpg) 相册语法来自 Typlog\n","date":"2020-09-09T00:00:00Z","image":"https://mr-qingjiegong.github.io/Mr-qingjiegong/p/test-chinese/helena-hertz-wWZzXlDpMog-unsplash_hu45a5e3ad5e058da6a00650ed8fd40bea_15530_120x120_fill_q75_box_smart1.jpg","permalink":"https://mr-qingjiegong.github.io/Mr-qingjiegong/p/test-chinese/","title":"Chinese Test"},{"content":"This article offers a sample of basic Markdown syntax that can be used in Hugo content files, also it shows whether basic HTML elements are decorated with CSS in a Hugo theme.\nHeadings\rThe following HTML \u0026lt;h1\u0026gt;—\u0026lt;h6\u0026gt; elements represent six levels of section headings. \u0026lt;h1\u0026gt; is the highest section level while \u0026lt;h6\u0026gt; is the lowest.\nH1\rH2\rH3\rH4\rH5\rH6\rParagraph\rXerum, quo qui aut unt expliquam qui dolut labo. Aque venitatiusda cum, voluptionse latur sitiae dolessi aut parist aut dollo enim qui voluptate ma dolestendit peritin re plis aut quas inctum laceat est volestemque commosa as cus endigna tectur, offic to cor sequas etum rerum idem sintibus eiur? Quianimin porecus evelectur, cum que nis nust voloribus ratem aut omnimi, sitatur? Quiatem. Nam, omnis sum am facea corem alique molestrunt et eos evelece arcillit ut aut eos eos nus, sin conecerem erum fuga. Ri oditatquam, ad quibus unda veliamenimin cusam et facea ipsamus es exerum sitate dolores editium rerore eost, temped molorro ratiae volorro te reribus dolorer sperchicium faceata tiustia prat.\nItatur? Quiatae cullecum rem ent aut odis in re eossequodi nonsequ idebis ne sapicia is sinveli squiatum, core et que aut hariosam ex eat.\nBlockquotes\rThe blockquote element represents content that is quoted from another source, optionally with a citation which must be within a footer or cite element, and optionally with in-line changes such as annotations and abbreviations.\nBlockquote without attribution\rTiam, ad mint andaepu dandae nostion secatur sequo quae. Note that you can use Markdown syntax within a blockquote.\nBlockquote with attribution\rDon\u0026rsquo;t communicate by sharing memory, share memory by communicating.\n— Rob Pike1\nTables\rTables aren\u0026rsquo;t part of the core Markdown spec, but Hugo supports supports them out-of-the-box.\nName Age Bob 27 Alice 23 Inline Markdown within tables\rItalics Bold Code italics bold code A B C D E F Lorem ipsum dolor sit amet, consectetur adipiscing elit. Phasellus ultricies, sapien non euismod aliquam, dui ligula tincidunt odio, at accumsan nulla sapien eget ex. Proin eleifend dictum ipsum, non euismod ipsum pulvinar et. Vivamus sollicitudin, quam in pulvinar aliquam, metus elit pretium purus Proin sit amet velit nec enim imperdiet vehicula. Ut bibendum vestibulum quam, eu egestas turpis gravida nec Sed scelerisque nec turpis vel viverra. Vivamus vitae pretium sapien Code Blocks\rCode block with backticks\r1 2 3 4 5 6 7 8 9 10 \u0026lt;!doctype html\u0026gt; \u0026lt;html lang=\u0026#34;en\u0026#34;\u0026gt; \u0026lt;head\u0026gt; \u0026lt;meta charset=\u0026#34;utf-8\u0026#34;\u0026gt; \u0026lt;title\u0026gt;Example HTML5 Document\u0026lt;/title\u0026gt; \u0026lt;/head\u0026gt; \u0026lt;body\u0026gt; \u0026lt;p\u0026gt;Test\u0026lt;/p\u0026gt; \u0026lt;/body\u0026gt; \u0026lt;/html\u0026gt; Code block indented with four spaces\r\u0026lt;!doctype html\u0026gt;\r\u0026lt;html lang=\u0026quot;en\u0026quot;\u0026gt;\r\u0026lt;head\u0026gt;\r\u0026lt;meta charset=\u0026quot;utf-8\u0026quot;\u0026gt;\r\u0026lt;title\u0026gt;Example HTML5 Document\u0026lt;/title\u0026gt;\r\u0026lt;/head\u0026gt;\r\u0026lt;body\u0026gt;\r\u0026lt;p\u0026gt;Test\u0026lt;/p\u0026gt;\r\u0026lt;/body\u0026gt;\r\u0026lt;/html\u0026gt;\rCode block with Hugo\u0026rsquo;s internal highlight shortcode\r1 2 3 4 5 6 7 8 9 10 \u0026lt;!doctype html\u0026gt; \u0026lt;html lang=\u0026#34;en\u0026#34;\u0026gt; \u0026lt;head\u0026gt; \u0026lt;meta charset=\u0026#34;utf-8\u0026#34;\u0026gt; \u0026lt;title\u0026gt;Example HTML5 Document\u0026lt;/title\u0026gt; \u0026lt;/head\u0026gt; \u0026lt;body\u0026gt; \u0026lt;p\u0026gt;Test\u0026lt;/p\u0026gt; \u0026lt;/body\u0026gt; \u0026lt;/html\u0026gt; Diff code block\r1 2 3 4 5 [dependencies.bevy] git = \u0026#34;https://github.com/bevyengine/bevy\u0026#34; rev = \u0026#34;11f52b8c72fc3a568e8bb4a4cd1f3eb025ac2e13\u0026#34; - features = [\u0026#34;dynamic\u0026#34;] + features = [\u0026#34;jpeg\u0026#34;, \u0026#34;dynamic\u0026#34;] List Types\rOrdered List\rFirst item Second item Third item Unordered List\rList item Another item And another item Nested list\rFruit Apple Orange Banana Dairy Milk Cheese Other Elements — abbr, sub, sup, kbd, mark\rGIF is a bitmap image format.\nH2O\nXn + Yn = Zn\nPress CTRL + ALT + Delete to end the session.\nMost salamanders are nocturnal, and hunt for insects, worms, and other small creatures.\nHyperlinked image\rThe above quote is excerpted from Rob Pike\u0026rsquo;s talk during Gopherfest, November 18, 2015.\u0026#160;\u0026#x21a9;\u0026#xfe0e;\n","date":"2019-03-11T00:00:00Z","image":"https://mr-qingjiegong.github.io/Mr-qingjiegong/p/markdown-syntax-guide/pawel-czerwinski-8uZPynIu-rQ-unsplash_hud7e36f7e20e71be184458283bdae4646_55974_120x120_fill_q75_box_smart1.jpg","permalink":"https://mr-qingjiegong.github.io/Mr-qingjiegong/p/markdown-syntax-guide/","title":"Markdown Syntax Guide"},{"content":"Hugo ships with several Built-in Shortcodes for rich content, along with a Privacy Config and a set of Simple Shortcodes that enable static and no-JS versions of various social media embeds.\nYouTube Privacy Enhanced Shortcode\rTwitter Simple Shortcode\rVimeo Simple Shortcode\rbilibilibi Shortcode\rGist Shortcode\rGitlab Snippets Shortcode\rQuote Shortcode\rStack adds a quote shortcode. For example:\nLorem ipsum dolor sit amet, consectetur adipiscing elit, sed do eiusmod tempor incididunt ut labore et dolore magna aliqua. Ut enim ad minim veniam, quis nostrud exercitation ullamco laboris nisi ut aliquip ex ea commodo consequat. Duis aute irure dolor in reprehenderit in voluptate velit esse cillum dolore eu fugiat nulla pariatur. Excepteur sint occaecat cupidatat non proident, sunt in culpa qui officia deserunt mollit anim id est laborum.\n― A famous person, The book they wrote Lorem ipsum dolor sit amet, consectetur adipiscing elit, sed do eiusmod tempor incididunt ut labore et dolore magna aliqua. Ut enim ad minim veniam, quis nostrud exercitation ullamco laboris nisi ut aliquip ex ea commodo consequat. Duis aute irure dolor in reprehenderit in voluptate velit esse cillum dolore eu fugiat nulla pariatur. Excepteur sint occaecat cupidatat non proident, sunt in culpa qui officia deserunt mollit anim id est laborum.\n― Anonymous book Lorem ipsum dolor sit amet, consectetur adipiscing elit, sed do eiusmod tempor incididunt ut labore et dolore magna aliqua. Ut enim ad minim veniam, quis nostrud exercitation ullamco laboris nisi ut aliquip ex ea commodo consequat. Duis aute irure dolor in reprehenderit in voluptate velit esse cillum dolore eu fugiat nulla pariatur. Excepteur sint occaecat cupidatat non proident, sunt in culpa qui officia deserunt mollit anim id est laborum.\n― Some book Lorem ipsum dolor sit amet, consectetur adipiscing elit, sed do eiusmod tempor incididunt ut labore et dolore magna aliqua. Ut enim ad minim veniam, quis nostrud exercitation ullamco laboris nisi ut aliquip ex ea commodo consequat. Duis aute irure dolor in reprehenderit in voluptate velit esse cillum dolore eu fugiat nulla pariatur. Excepteur sint occaecat cupidatat non proident, sunt in culpa qui officia deserunt mollit anim id est laborum.\n― Somebody","date":"2019-03-10T00:00:00Z","permalink":"https://mr-qingjiegong.github.io/Mr-qingjiegong/p/rich-content/","title":"Rich Content"},{"content":"Lorem est tota propiore conpellat pectoribus de pectora summo.\nRedit teque digerit hominumque toris verebor lumina non cervice subde tollit usus habet Arctonque, furores quas nec ferunt. Quoque montibus nunc caluere tempus inhospita parcite confusaque translucet patri vestro qui optatis lumine cognoscere flos nubis! Fronde ipsamque patulos Dryopen deorum.\nExierant elisi ambit vivere dedere Duce pollice Eris modo Spargitque ferrea quos palude Rursus nulli murmur; hastile inridet ut ab gravi sententia! Nomine potitus silentia flumen, sustinet placuit petis in dilapsa erat sunt. Atria tractus malis.\nComas hunc haec pietate fetum procerum dixit Post torum vates letum Tiresia Flumen querellas Arcanaque montibus omnes Quidem et Vagus elidunt\rThe Van de Graaf Canon\nMane refeci capiebant unda mulcebat\rVicta caducifer, malo vulnere contra dicere aurato, ludit regale, voca! Retorsit colit est profanae esse virescere furit nec; iaculi matertera et visa est, viribus. Divesque creatis, tecta novat collumque vulnus est, parvas. Faces illo pepulere tempus adest. Tendit flamma, ab opes virum sustinet, sidus sequendo urbis.\nIubar proles corpore raptos vero auctor imperium; sed et huic: manus caeli Lelegas tu lux. Verbis obstitit intus oblectamina fixis linguisque ausus sperare Echionides cornuaque tenent clausit possit. Omnia putatur. Praeteritae refert ausus; ferebant e primus lora nutat, vici quae mea ipse. Et iter nil spectatae vulnus haerentia iuste et exercebat, sui et.\nEurytus Hector, materna ipsumque ut Politen, nec, nate, ignari, vernum cohaesit sequitur. Vel mitis temploque vocatus, inque alis, oculos nomen non silvis corpore coniunx ne displicet illa. Crescunt non unus, vidit visa quantum inmiti flumina mortis facto sic: undique a alios vincula sunt iactata abdita! Suspenderat ego fuit tendit: luna, ante urbem Propoetides parte.\n","date":"2019-03-09T00:00:00Z","image":"https://mr-qingjiegong.github.io/Mr-qingjiegong/p/placeholder-text/matt-le-SJSpo9hQf7s-unsplash_hu958d513eeefe5556a31d065479ecc5ac_14205_120x120_fill_q75_box_smart1.jpg","permalink":"https://mr-qingjiegong.github.io/Mr-qingjiegong/p/placeholder-text/","title":"Placeholder Text"},{"content":"Mathematical notation in a Hugo project can be enabled by using third party JavaScript libraries.\nIn this example we will be using KaTeX\nCreate a partial under /layouts/partials/math.html Within this partial reference the Auto-render Extension or host these scripts locally. Include the partial in your templates like so: 1 2 3 {{ if or .Params.math .Site.Params.math }} {{ partial \u0026#34;math.html\u0026#34; . }} {{ end }} To enable KaTeX globally set the parameter math to true in a project\u0026rsquo;s configuration To enable KaTeX on a per page basis include the parameter math: true in content files Note: Use the online reference of Supported TeX Functions\nExamples\rInline math: $\\varphi = \\dfrac{1+\\sqrt5}{2}= 1.6180339887…$\nBlock math: $$\r\\varphi = 1+\\frac{1} {1+\\frac{1} {1+\\frac{1} {1+\\cdots} } } $$","date":"2019-03-08T00:00:00Z","permalink":"https://mr-qingjiegong.github.io/Mr-qingjiegong/p/math-typesetting/","title":"Math Typesetting"},{"content":"Emoji can be enabled in a Hugo project in a number of ways.\nThe emojify function can be called directly in templates or Inline Shortcodes.\nTo enable emoji globally, set enableEmoji to true in your site\u0026rsquo;s configuration and then you can type emoji shorthand codes directly in content files; e.g.\n🙈 :see_no_evil: 🙉 :hear_no_evil: 🙊 :speak_no_evil:\nThe Emoji cheat sheet is a useful reference for emoji shorthand codes.\nN.B. The above steps enable Unicode Standard emoji characters and sequences in Hugo, however the rendering of these glyphs depends on the browser and the platform. To style the emoji you can either use a third party emoji font or a font stack; e.g.\n1 2 3 .emoji { font-family: Apple Color Emoji, Segoe UI Emoji, NotoColorEmoji, Segoe UI Symbol, Android Emoji, EmojiSymbols; } ","date":"2019-03-05T00:00:00Z","image":"https://mr-qingjiegong.github.io/Mr-qingjiegong/p/emoji-support/the-creative-exchange-d2zvqp3fpro-unsplash_huf941de4769045cdfa8c9ee7036519a2a_35369_120x120_fill_q75_box_smart1.jpg","permalink":"https://mr-qingjiegong.github.io/Mr-qingjiegong/p/emoji-support/","title":"Emoji Support"}]