<?xml version="1.0" encoding="utf-8" standalone="yes"?>
<rss version="2.0" xmlns:atom="http://www.w3.org/2005/Atom">
    <channel>
        <title>Categories on qingjiegong&#39;s Blog</title>
        <link>https://mr-qingjiegong.github.io/Mr-qingjiegong/categories/</link>
        <description>Recent content in Categories on qingjiegong&#39;s Blog</description>
        <generator>Hugo -- gohugo.io</generator>
        <language>zh-cn</language>
        <copyright>qingjiegong</copyright>
        <lastBuildDate>Tue, 10 Sep 2024 02:22:20 +0800</lastBuildDate><atom:link href="https://mr-qingjiegong.github.io/Mr-qingjiegong/categories/index.xml" rel="self" type="application/rss+xml" /><item>
        <title>测试</title>
        <link>https://mr-qingjiegong.github.io/Mr-qingjiegong/categories/%E6%B5%8B%E8%AF%95/</link>
        <pubDate>Wed, 09 Sep 2020 00:00:00 +0000</pubDate>
        
        <guid>https://mr-qingjiegong.github.io/Mr-qingjiegong/categories/%E6%B5%8B%E8%AF%95/</guid>
        <description></description>
        </item>
        <item>
        <title>Syntax</title>
        <link>https://mr-qingjiegong.github.io/Mr-qingjiegong/categories/syntax/</link>
        <pubDate>Mon, 11 Mar 2019 00:00:00 +0000</pubDate>
        
        <guid>https://mr-qingjiegong.github.io/Mr-qingjiegong/categories/syntax/</guid>
        <description></description>
        </item>
        <item>
        <title>Themes</title>
        <link>https://mr-qingjiegong.github.io/Mr-qingjiegong/categories/themes/</link>
        <pubDate>Mon, 11 Mar 2019 00:00:00 +0000</pubDate>
        
        <guid>https://mr-qingjiegong.github.io/Mr-qingjiegong/categories/themes/</guid>
        <description></description>
        </item>
        <item>
        <title>Test With Whitespaces</title>
        <link>https://mr-qingjiegong.github.io/Mr-qingjiegong/categories/test-with-whitespaces/</link>
        <pubDate>Sat, 09 Mar 2019 00:00:00 +0000</pubDate>
        
        <guid>https://mr-qingjiegong.github.io/Mr-qingjiegong/categories/test-with-whitespaces/</guid>
        <description></description>
        </item>
        <item>
        <title>Test</title>
        <link>https://mr-qingjiegong.github.io/Mr-qingjiegong/categories/test/</link>
        <pubDate>Mon, 01 Jan 0001 00:00:00 +0000</pubDate>
        
        <guid>https://mr-qingjiegong.github.io/Mr-qingjiegong/categories/test/</guid>
        <description>&lt;img src="https://mr-qingjiegong.github.io/Mr-qingjiegong/categories/test/hutomo-abrianto-l2jk-uxb1BY-unsplash.jpg" alt="Featured image of post Test" /&gt;</description>
        </item>
        
    </channel>
</rss>
