<?xml version="1.0" encoding="utf-8" standalone="yes"?>
<rss version="2.0" xmlns:atom="http://www.w3.org/2005/Atom">
    <channel>
        <title>Text on qingjiegong&#39;s Blog</title>
        <link>https://mr-qingjiegong.github.io/Mr-qingjiegong/tags/text/</link>
        <description>Recent content in Text on qingjiegong&#39;s Blog</description>
        <generator>Hugo -- gohugo.io</generator>
        <language>zh-cn</language>
        <copyright>qingjiegong</copyright>
        <lastBuildDate>Tue, 10 Sep 2024 02:22:20 +0800</lastBuildDate><atom:link href="https://mr-qingjiegong.github.io/Mr-qingjiegong/tags/text/index.xml" rel="self" type="application/rss+xml" /><item>
        <title>Placeholder Text</title>
        <link>https://mr-qingjiegong.github.io/Mr-qingjiegong/p/placeholder-text/</link>
        <pubDate>Sat, 09 Mar 2019 00:00:00 +0000</pubDate>
        
        <guid>https://mr-qingjiegong.github.io/Mr-qingjiegong/p/placeholder-text/</guid>
        <description>&lt;img src="https://mr-qingjiegong.github.io/Mr-qingjiegong/p/placeholder-text/matt-le-SJSpo9hQf7s-unsplash.jpg" alt="Featured image of post Placeholder Text" /&gt;&lt;p&gt;Lorem est tota propiore conpellat pectoribus de pectora summo.&lt;/p&gt;
&lt;p&gt;Redit teque digerit hominumque toris verebor lumina non cervice subde tollit usus habet Arctonque, furores quas nec ferunt. Quoque montibus nunc caluere tempus inhospita parcite confusaque translucet patri vestro qui optatis lumine cognoscere flos nubis! Fronde ipsamque patulos Dryopen deorum.&lt;/p&gt;
&lt;ol&gt;
&lt;li&gt;Exierant elisi ambit vivere dedere&lt;/li&gt;
&lt;li&gt;Duce pollice&lt;/li&gt;
&lt;li&gt;Eris modo&lt;/li&gt;
&lt;li&gt;Spargitque ferrea quos palude&lt;/li&gt;
&lt;/ol&gt;
&lt;p&gt;Rursus nulli murmur; hastile inridet ut ab gravi sententia! Nomine potitus silentia flumen, sustinet placuit petis in dilapsa erat sunt. Atria tractus malis.&lt;/p&gt;
&lt;ol&gt;
&lt;li&gt;Comas hunc haec pietate fetum procerum dixit&lt;/li&gt;
&lt;li&gt;Post torum vates letum Tiresia&lt;/li&gt;
&lt;li&gt;Flumen querellas&lt;/li&gt;
&lt;li&gt;Arcanaque montibus omnes&lt;/li&gt;
&lt;li&gt;Quidem et&lt;/li&gt;
&lt;/ol&gt;
&lt;h1 id=&#34;vagus-elidunt&#34;&gt;Vagus elidunt
&lt;/h1&gt;&lt;p&gt;&lt;svg class=&#34;canon&#34; xmlns=&#34;http://www.w3.org/2000/svg&#34; overflow=&#34;visible&#34; viewBox=&#34;0 0 496 373&#34; height=&#34;373&#34; width=&#34;496&#34;&gt;&lt;g fill=&#34;none&#34;&gt;&lt;path stroke=&#34;#000&#34; stroke-width=&#34;.75&#34; d=&#34;M.599 372.348L495.263 1.206M.312.633l494.95 370.853M.312 372.633L247.643.92M248.502.92l246.76 370.566M330.828 123.869V1.134M330.396 1.134L165.104 124.515&#34;&gt;&lt;/path&gt;&lt;path stroke=&#34;#ED1C24&#34; stroke-width=&#34;.75&#34; d=&#34;M275.73 41.616h166.224v249.05H275.73zM54.478 41.616h166.225v249.052H54.478z&#34;&gt;&lt;/path&gt;&lt;path stroke=&#34;#000&#34; stroke-width=&#34;.75&#34; d=&#34;M.479.375h495v372h-495zM247.979.875v372&#34;&gt;&lt;/path&gt;&lt;ellipse cx=&#34;498.729&#34; cy=&#34;177.625&#34; rx=&#34;.75&#34; ry=&#34;1.25&#34;&gt;&lt;/ellipse&gt;&lt;ellipse cx=&#34;247.229&#34; cy=&#34;377.375&#34; rx=&#34;.75&#34; ry=&#34;1.25&#34;&gt;&lt;/ellipse&gt;&lt;/g&gt;&lt;/svg&gt;&lt;/p&gt;
&lt;p&gt;&lt;a class=&#34;link&#34; href=&#34;https://en.wikipedia.org/wiki/Canons_of_page_construction#Van_de_Graaf_canon&#34;  target=&#34;_blank&#34; rel=&#34;noopener&#34;
    &gt;The Van de Graaf Canon&lt;/a&gt;&lt;/p&gt;
&lt;h2 id=&#34;mane-refeci-capiebant-unda-mulcebat&#34;&gt;Mane refeci capiebant unda mulcebat
&lt;/h2&gt;&lt;p&gt;Victa caducifer, malo vulnere contra dicere aurato, ludit regale, voca! Retorsit colit est profanae esse virescere furit nec; iaculi matertera et visa est, viribus. Divesque creatis, tecta novat collumque vulnus est, parvas. &lt;strong&gt;Faces illo pepulere&lt;/strong&gt; tempus adest. Tendit flamma, ab opes virum sustinet, sidus sequendo urbis.&lt;/p&gt;
&lt;p&gt;Iubar proles corpore raptos vero auctor imperium; sed et huic: manus caeli Lelegas tu lux. Verbis obstitit intus oblectamina fixis linguisque ausus sperare Echionides cornuaque tenent clausit possit. Omnia putatur. Praeteritae refert ausus; ferebant e primus lora nutat, vici quae mea ipse. Et iter nil spectatae vulnus haerentia iuste et exercebat, sui et.&lt;/p&gt;
&lt;p&gt;Eurytus Hector, materna ipsumque ut Politen, nec, nate, ignari, vernum cohaesit sequitur. Vel &lt;strong&gt;mitis temploque&lt;/strong&gt; vocatus, inque alis, &lt;em&gt;oculos nomen&lt;/em&gt; non silvis corpore coniunx ne displicet illa. Crescunt non unus, vidit visa quantum inmiti flumina mortis facto sic: undique a alios vincula sunt iactata abdita! Suspenderat ego fuit tendit: luna, ante urbem Propoetides &lt;strong&gt;parte&lt;/strong&gt;.&lt;/p&gt;</description>
        </item>
        
    </channel>
</rss>
