<?xml version="1.0" encoding="utf-8" standalone="yes"?>
<rss version="2.0" xmlns:atom="http://www.w3.org/2005/Atom">
    <channel>
        <title>qingjiegong&#39;s Blog</title>
        <link>https://mr-qingjiegong.github.io/Mr-qingjiegong/</link>
        <description>Recent content on qingjiegong&#39;s Blog</description>
        <generator>Hugo -- gohugo.io</generator>
        <language>zh-cn</language>
        <copyright>qingjiegong</copyright><atom:link href="https://mr-qingjiegong.github.io/Mr-qingjiegong/index.xml" rel="self" type="application/rss+xml" /><item>
        <title>Chinese Test</title>
        <link>https://mr-qingjiegong.github.io/Mr-qingjiegong/p/test-chinese/</link>
        <pubDate>Wed, 09 Sep 2020 00:00:00 +0000</pubDate>
        
        <guid>https://mr-qingjiegong.github.io/Mr-qingjiegong/p/test-chinese/</guid>
        <description>&lt;img src="https://mr-qingjiegong.github.io/Mr-qingjiegong/p/test-chinese/helena-hertz-wWZzXlDpMog-unsplash.jpg" alt="Featured image of post Chinese Test" /&gt;&lt;h2 id=&#34;正文测试&#34;&gt;正文测试
&lt;/h2&gt;&lt;p&gt;而这些并不是完全重要，更加重要的问题是， 带着这些问题，我们来审视一下学生会退会。 既然如何， 对我个人而言，学生会退会不仅仅是一个重大的事件，还可能会改变我的人生。 我们不得不面对一个非常尴尬的事实，那就是， 可是，即使是这样，学生会退会的出现仍然代表了一定的意义。 学生会退会，发生了会如何，不发生又会如何。 经过上述讨论， 生活中，若学生会退会出现了，我们就不得不考虑它出现了的事实。 学生会退会，到底应该如何实现。 这样看来， 在这种困难的抉择下，本人思来想去，寝食难安。 对我个人而言，学生会退会不仅仅是一个重大的事件，还可能会改变我的人生。 就我个人来说，学生会退会对我的意义，不能不说非常重大。 莎士比亚曾经提到过，人的一生是短的，但如果卑劣地过这一生，就太长了。这似乎解答了我的疑惑。 莫扎特说过一句富有哲理的话，谁和我一样用功，谁就会和我一样成功。这启发了我， 对我个人而言，学生会退会不仅仅是一个重大的事件，还可能会改变我的人生。 学生会退会，到底应该如何实现。 一般来说， 从这个角度来看， 这种事实对本人来说意义重大，相信对这个世界也是有一定意义的。 在这种困难的抉择下，本人思来想去，寝食难安。 了解清楚学生会退会到底是一种怎么样的存在，是解决一切问题的关键。 一般来说， 生活中，若学生会退会出现了，我们就不得不考虑它出现了的事实。 问题的关键究竟为何？ 而这些并不是完全重要，更加重要的问题是。&lt;/p&gt;
&lt;p&gt;奥斯特洛夫斯基曾经说过，共同的事业，共同的斗争，可以使人们产生忍受一切的力量。　带着这句话，我们还要更加慎重的审视这个问题： 一般来讲，我们都必须务必慎重的考虑考虑。 既然如此， 这种事实对本人来说意义重大，相信对这个世界也是有一定意义的。 带着这些问题，我们来审视一下学生会退会。 我认为， 我认为， 在这种困难的抉择下，本人思来想去，寝食难安。 问题的关键究竟为何？ 每个人都不得不面对这些问题。 在面对这种问题时， 要想清楚，学生会退会，到底是一种怎么样的存在。 我认为， 既然如此， 每个人都不得不面对这些问题。 在面对这种问题时， 那么， 我认为， 学生会退会因何而发生。&lt;/p&gt;
&lt;h2 id=&#34;引用&#34;&gt;引用
&lt;/h2&gt;&lt;blockquote&gt;
&lt;p&gt;思念是最暖的忧伤像一双翅膀&lt;br&gt;
让我停不了飞不远在过往游荡&lt;br&gt;
不告而别的你 就算为了我着想&lt;br&gt;
这么沉痛的呵护 我怎么能翱翔&lt;/p&gt;
&lt;p&gt;&lt;em&gt;&lt;a class=&#34;link&#34; href=&#34;https://www.youtube.com/watch?v=3aypp_YlBzI&#34;  target=&#34;_blank&#34; rel=&#34;noopener&#34;
    &gt;最暖的憂傷 - 田馥甄&lt;/a&gt;&lt;/em&gt;&lt;/p&gt;
&lt;/blockquote&gt;
&lt;h2 id=&#34;图片&#34;&gt;图片
&lt;/h2&gt;&lt;p&gt;&lt;img src=&#34;https://mr-qingjiegong.github.io/Mr-qingjiegong/Mr-qingjiegong/p/test-chinese/florian-klauer-nptLmg6jqDo-unsplash.jpg&#34;
	width=&#34;667&#34;
	height=&#34;1000&#34;
	srcset=&#34;https://mr-qingjiegong.github.io/Mr-qingjiegong/Mr-qingjiegong/p/test-chinese/florian-klauer-nptLmg6jqDo-unsplash_hu595aaf3b3dbbb41af5aed8d3958cc9f9_13854_480x0_resize_q75_box.jpg 480w, https://mr-qingjiegong.github.io/Mr-qingjiegong/Mr-qingjiegong/p/test-chinese/florian-klauer-nptLmg6jqDo-unsplash_hu595aaf3b3dbbb41af5aed8d3958cc9f9_13854_1024x0_resize_q75_box.jpg 1024w&#34;
	loading=&#34;lazy&#34;
	
		alt=&#34;Photo by Florian Klauer on Unsplash&#34;
	
	
		class=&#34;gallery-image&#34; 
		data-flex-grow=&#34;66&#34;
		data-flex-basis=&#34;160px&#34;
	
&gt;  &lt;img src=&#34;https://mr-qingjiegong.github.io/Mr-qingjiegong/Mr-qingjiegong/p/test-chinese/luca-bravo-alS7ewQ41M8-unsplash.jpg&#34;
	width=&#34;1000&#34;
	height=&#34;667&#34;
	srcset=&#34;https://mr-qingjiegong.github.io/Mr-qingjiegong/Mr-qingjiegong/p/test-chinese/luca-bravo-alS7ewQ41M8-unsplash_hu0a3f1163de68d0b9471979ebf0ecf11e_32400_480x0_resize_q75_box.jpg 480w, https://mr-qingjiegong.github.io/Mr-qingjiegong/Mr-qingjiegong/p/test-chinese/luca-bravo-alS7ewQ41M8-unsplash_hu0a3f1163de68d0b9471979ebf0ecf11e_32400_1024x0_resize_q75_box.jpg 1024w&#34;
	loading=&#34;lazy&#34;
	
		alt=&#34;Photo by Luca Bravo on Unsplash&#34;
	
	
		class=&#34;gallery-image&#34; 
		data-flex-grow=&#34;149&#34;
		data-flex-basis=&#34;359px&#34;
	
&gt;&lt;/p&gt;
&lt;p&gt;&lt;img src=&#34;https://mr-qingjiegong.github.io/Mr-qingjiegong/Mr-qingjiegong/p/test-chinese/helena-hertz-wWZzXlDpMog-unsplash.jpg&#34;
	width=&#34;1000&#34;
	height=&#34;750&#34;
	srcset=&#34;https://mr-qingjiegong.github.io/Mr-qingjiegong/Mr-qingjiegong/p/test-chinese/helena-hertz-wWZzXlDpMog-unsplash_hu45a5e3ad5e058da6a00650ed8fd40bea_15530_480x0_resize_q75_box.jpg 480w, https://mr-qingjiegong.github.io/Mr-qingjiegong/Mr-qingjiegong/p/test-chinese/helena-hertz-wWZzXlDpMog-unsplash_hu45a5e3ad5e058da6a00650ed8fd40bea_15530_1024x0_resize_q75_box.jpg 1024w&#34;
	loading=&#34;lazy&#34;
	
		alt=&#34;Photo by Helena Hertz on Unsplash&#34;
	
	
		class=&#34;gallery-image&#34; 
		data-flex-grow=&#34;133&#34;
		data-flex-basis=&#34;320px&#34;
	
&gt;  &lt;img src=&#34;https://mr-qingjiegong.github.io/Mr-qingjiegong/Mr-qingjiegong/p/test-chinese/hudai-gayiran-3Od_VKcDEAA-unsplash.jpg&#34;
	width=&#34;667&#34;
	height=&#34;1000&#34;
	srcset=&#34;https://mr-qingjiegong.github.io/Mr-qingjiegong/Mr-qingjiegong/p/test-chinese/hudai-gayiran-3Od_VKcDEAA-unsplash_hub241c2a9c7a2caf7e16a2a5bbc7141ff_18711_480x0_resize_q75_box.jpg 480w, https://mr-qingjiegong.github.io/Mr-qingjiegong/Mr-qingjiegong/p/test-chinese/hudai-gayiran-3Od_VKcDEAA-unsplash_hub241c2a9c7a2caf7e16a2a5bbc7141ff_18711_1024x0_resize_q75_box.jpg 1024w&#34;
	loading=&#34;lazy&#34;
	
		alt=&#34;Photo by Hudai Gayiran on Unsplash&#34;
	
	
		class=&#34;gallery-image&#34; 
		data-flex-grow=&#34;66&#34;
		data-flex-basis=&#34;160px&#34;
	
&gt;&lt;/p&gt;
&lt;div class=&#34;highlight&#34;&gt;&lt;div class=&#34;chroma&#34;&gt;
&lt;table class=&#34;lntable&#34;&gt;&lt;tr&gt;&lt;td class=&#34;lntd&#34;&gt;
&lt;pre tabindex=&#34;0&#34; class=&#34;chroma&#34;&gt;&lt;code&gt;&lt;span class=&#34;lnt&#34;&gt;1
&lt;/span&gt;&lt;span class=&#34;lnt&#34;&gt;2
&lt;/span&gt;&lt;span class=&#34;lnt&#34;&gt;3
&lt;/span&gt;&lt;/code&gt;&lt;/pre&gt;&lt;/td&gt;
&lt;td class=&#34;lntd&#34;&gt;
&lt;pre tabindex=&#34;0&#34; class=&#34;chroma&#34;&gt;&lt;code class=&#34;language-markdown&#34; data-lang=&#34;markdown&#34;&gt;&lt;span class=&#34;line&#34;&gt;&lt;span class=&#34;cl&#34;&gt;![&lt;span class=&#34;nt&#34;&gt;Photo by Florian Klauer on Unsplash&lt;/span&gt;](&lt;span class=&#34;na&#34;&gt;florian-klauer-nptLmg6jqDo-unsplash.jpg&lt;/span&gt;)  ![&lt;span class=&#34;nt&#34;&gt;Photo by Luca Bravo on Unsplash&lt;/span&gt;](&lt;span class=&#34;na&#34;&gt;luca-bravo-alS7ewQ41M8-unsplash.jpg&lt;/span&gt;) 
&lt;/span&gt;&lt;/span&gt;&lt;span class=&#34;line&#34;&gt;&lt;span class=&#34;cl&#34;&gt;
&lt;/span&gt;&lt;/span&gt;&lt;span class=&#34;line&#34;&gt;&lt;span class=&#34;cl&#34;&gt;![&lt;span class=&#34;nt&#34;&gt;Photo by Helena Hertz on Unsplash&lt;/span&gt;](&lt;span class=&#34;na&#34;&gt;helena-hertz-wWZzXlDpMog-unsplash.jpg&lt;/span&gt;)  ![&lt;span class=&#34;nt&#34;&gt;Photo by Hudai Gayiran on Unsplash&lt;/span&gt;](&lt;span class=&#34;na&#34;&gt;hudai-gayiran-3Od_VKcDEAA-unsplash.jpg&lt;/span&gt;)
&lt;/span&gt;&lt;/span&gt;&lt;/code&gt;&lt;/pre&gt;&lt;/td&gt;&lt;/tr&gt;&lt;/table&gt;
&lt;/div&gt;
&lt;/div&gt;&lt;p&gt;相册语法来自 &lt;a class=&#34;link&#34; href=&#34;https://typlog.com/&#34;  target=&#34;_blank&#34; rel=&#34;noopener&#34;
    &gt;Typlog&lt;/a&gt;&lt;/p&gt;
</description>
        </item>
        <item>
        <title>归档</title>
        <link>https://mr-qingjiegong.github.io/Mr-qingjiegong/archives/</link>
        <pubDate>Tue, 28 May 2019 00:00:00 +0000</pubDate>
        
        <guid>https://mr-qingjiegong.github.io/Mr-qingjiegong/archives/</guid>
        <description></description>
        </item>
        <item>
        <title>Markdown Syntax Guide</title>
        <link>https://mr-qingjiegong.github.io/Mr-qingjiegong/p/markdown-syntax-guide/</link>
        <pubDate>Mon, 11 Mar 2019 00:00:00 +0000</pubDate>
        
        <guid>https://mr-qingjiegong.github.io/Mr-qingjiegong/p/markdown-syntax-guide/</guid>
        <description>&lt;img src="https://mr-qingjiegong.github.io/Mr-qingjiegong/p/markdown-syntax-guide/pawel-czerwinski-8uZPynIu-rQ-unsplash.jpg" alt="Featured image of post Markdown Syntax Guide" /&gt;&lt;p&gt;This article offers a sample of basic Markdown syntax that can be used in Hugo content files, also it shows whether basic HTML elements are decorated with CSS in a Hugo theme.&lt;/p&gt;
&lt;h2 id=&#34;headings&#34;&gt;Headings
&lt;/h2&gt;&lt;p&gt;The following HTML &lt;code&gt;&amp;lt;h1&amp;gt;&lt;/code&gt;—&lt;code&gt;&amp;lt;h6&amp;gt;&lt;/code&gt; elements represent six levels of section headings. &lt;code&gt;&amp;lt;h1&amp;gt;&lt;/code&gt; is the highest section level while &lt;code&gt;&amp;lt;h6&amp;gt;&lt;/code&gt; is the lowest.&lt;/p&gt;
&lt;h1 id=&#34;h1&#34;&gt;H1
&lt;/h1&gt;&lt;h2 id=&#34;h2&#34;&gt;H2
&lt;/h2&gt;&lt;h3 id=&#34;h3&#34;&gt;H3
&lt;/h3&gt;&lt;h4 id=&#34;h4&#34;&gt;H4
&lt;/h4&gt;&lt;h5 id=&#34;h5&#34;&gt;H5
&lt;/h5&gt;&lt;h6 id=&#34;h6&#34;&gt;H6
&lt;/h6&gt;&lt;h2 id=&#34;paragraph&#34;&gt;Paragraph
&lt;/h2&gt;&lt;p&gt;Xerum, quo qui aut unt expliquam qui dolut labo. Aque venitatiusda cum, voluptionse latur sitiae dolessi aut parist aut dollo enim qui voluptate ma dolestendit peritin re plis aut quas inctum laceat est volestemque commosa as cus endigna tectur, offic to cor sequas etum rerum idem sintibus eiur? Quianimin porecus evelectur, cum que nis nust voloribus ratem aut omnimi, sitatur? Quiatem. Nam, omnis sum am facea corem alique molestrunt et eos evelece arcillit ut aut eos eos nus, sin conecerem erum fuga. Ri oditatquam, ad quibus unda veliamenimin cusam et facea ipsamus es exerum sitate dolores editium rerore eost, temped molorro ratiae volorro te reribus dolorer sperchicium faceata tiustia prat.&lt;/p&gt;
&lt;p&gt;Itatur? Quiatae cullecum rem ent aut odis in re eossequodi nonsequ idebis ne sapicia is sinveli squiatum, core et que aut hariosam ex eat.&lt;/p&gt;
&lt;h2 id=&#34;blockquotes&#34;&gt;Blockquotes
&lt;/h2&gt;&lt;p&gt;The blockquote element represents content that is quoted from another source, optionally with a citation which must be within a &lt;code&gt;footer&lt;/code&gt; or &lt;code&gt;cite&lt;/code&gt; element, and optionally with in-line changes such as annotations and abbreviations.&lt;/p&gt;
&lt;h4 id=&#34;blockquote-without-attribution&#34;&gt;Blockquote without attribution
&lt;/h4&gt;&lt;blockquote&gt;
&lt;p&gt;Tiam, ad mint andaepu dandae nostion secatur sequo quae.
&lt;strong&gt;Note&lt;/strong&gt; that you can use &lt;em&gt;Markdown syntax&lt;/em&gt; within a blockquote.&lt;/p&gt;
&lt;/blockquote&gt;
&lt;h4 id=&#34;blockquote-with-attribution&#34;&gt;Blockquote with attribution
&lt;/h4&gt;&lt;blockquote&gt;
&lt;p&gt;Don&amp;rsquo;t communicate by sharing memory, share memory by communicating.&lt;br&gt;
— &lt;cite&gt;Rob Pike&lt;sup id=&#34;fnref:1&#34;&gt;&lt;a href=&#34;#fn:1&#34; class=&#34;footnote-ref&#34; role=&#34;doc-noteref&#34;&gt;1&lt;/a&gt;&lt;/sup&gt;&lt;/cite&gt;&lt;/p&gt;
&lt;/blockquote&gt;
&lt;h2 id=&#34;tables&#34;&gt;Tables
&lt;/h2&gt;&lt;p&gt;Tables aren&amp;rsquo;t part of the core Markdown spec, but Hugo supports supports them out-of-the-box.&lt;/p&gt;
&lt;table&gt;
&lt;thead&gt;
&lt;tr&gt;
&lt;th&gt;Name&lt;/th&gt;
&lt;th&gt;Age&lt;/th&gt;
&lt;/tr&gt;
&lt;/thead&gt;
&lt;tbody&gt;
&lt;tr&gt;
&lt;td&gt;Bob&lt;/td&gt;
&lt;td&gt;27&lt;/td&gt;
&lt;/tr&gt;
&lt;tr&gt;
&lt;td&gt;Alice&lt;/td&gt;
&lt;td&gt;23&lt;/td&gt;
&lt;/tr&gt;
&lt;/tbody&gt;
&lt;/table&gt;
&lt;h4 id=&#34;inline-markdown-within-tables&#34;&gt;Inline Markdown within tables
&lt;/h4&gt;&lt;table&gt;
&lt;thead&gt;
&lt;tr&gt;
&lt;th&gt;Italics&lt;/th&gt;
&lt;th&gt;Bold&lt;/th&gt;
&lt;th&gt;Code&lt;/th&gt;
&lt;/tr&gt;
&lt;/thead&gt;
&lt;tbody&gt;
&lt;tr&gt;
&lt;td&gt;&lt;em&gt;italics&lt;/em&gt;&lt;/td&gt;
&lt;td&gt;&lt;strong&gt;bold&lt;/strong&gt;&lt;/td&gt;
&lt;td&gt;&lt;code&gt;code&lt;/code&gt;&lt;/td&gt;
&lt;/tr&gt;
&lt;/tbody&gt;
&lt;/table&gt;
&lt;table&gt;
&lt;thead&gt;
&lt;tr&gt;
&lt;th&gt;A&lt;/th&gt;
&lt;th&gt;B&lt;/th&gt;
&lt;th&gt;C&lt;/th&gt;
&lt;th&gt;D&lt;/th&gt;
&lt;th&gt;E&lt;/th&gt;
&lt;th&gt;F&lt;/th&gt;
&lt;/tr&gt;
&lt;/thead&gt;
&lt;tbody&gt;
&lt;tr&gt;
&lt;td&gt;Lorem ipsum dolor sit amet, consectetur adipiscing elit.&lt;/td&gt;
&lt;td&gt;Phasellus ultricies, sapien non euismod aliquam, dui ligula tincidunt odio, at accumsan nulla sapien eget ex.&lt;/td&gt;
&lt;td&gt;Proin eleifend dictum ipsum, non euismod ipsum pulvinar et. Vivamus sollicitudin, quam in pulvinar aliquam, metus elit pretium purus&lt;/td&gt;
&lt;td&gt;Proin sit amet velit nec enim imperdiet vehicula.&lt;/td&gt;
&lt;td&gt;Ut bibendum vestibulum quam, eu egestas turpis gravida nec&lt;/td&gt;
&lt;td&gt;Sed scelerisque nec turpis vel viverra. Vivamus vitae pretium sapien&lt;/td&gt;
&lt;/tr&gt;
&lt;/tbody&gt;
&lt;/table&gt;
&lt;h2 id=&#34;code-blocks&#34;&gt;Code Blocks
&lt;/h2&gt;&lt;h4 id=&#34;code-block-with-backticks&#34;&gt;Code block with backticks
&lt;/h4&gt;&lt;div class=&#34;highlight&#34;&gt;&lt;div class=&#34;chroma&#34;&gt;
&lt;table class=&#34;lntable&#34;&gt;&lt;tr&gt;&lt;td class=&#34;lntd&#34;&gt;
&lt;pre tabindex=&#34;0&#34; class=&#34;chroma&#34;&gt;&lt;code&gt;&lt;span class=&#34;lnt&#34;&gt; 1
&lt;/span&gt;&lt;span class=&#34;lnt&#34;&gt; 2
&lt;/span&gt;&lt;span class=&#34;lnt&#34;&gt; 3
&lt;/span&gt;&lt;span class=&#34;lnt&#34;&gt; 4
&lt;/span&gt;&lt;span class=&#34;lnt&#34;&gt; 5
&lt;/span&gt;&lt;span class=&#34;lnt&#34;&gt; 6
&lt;/span&gt;&lt;span class=&#34;lnt&#34;&gt; 7
&lt;/span&gt;&lt;span class=&#34;lnt&#34;&gt; 8
&lt;/span&gt;&lt;span class=&#34;lnt&#34;&gt; 9
&lt;/span&gt;&lt;span class=&#34;lnt&#34;&gt;10
&lt;/span&gt;&lt;/code&gt;&lt;/pre&gt;&lt;/td&gt;
&lt;td class=&#34;lntd&#34;&gt;
&lt;pre tabindex=&#34;0&#34; class=&#34;chroma&#34;&gt;&lt;code class=&#34;language-html&#34; data-lang=&#34;html&#34;&gt;&lt;span class=&#34;line&#34;&gt;&lt;span class=&#34;cl&#34;&gt;&lt;span class=&#34;cp&#34;&gt;&amp;lt;!doctype html&amp;gt;&lt;/span&gt;
&lt;/span&gt;&lt;/span&gt;&lt;span class=&#34;line&#34;&gt;&lt;span class=&#34;cl&#34;&gt;&lt;span class=&#34;p&#34;&gt;&amp;lt;&lt;/span&gt;&lt;span class=&#34;nt&#34;&gt;html&lt;/span&gt; &lt;span class=&#34;na&#34;&gt;lang&lt;/span&gt;&lt;span class=&#34;o&#34;&gt;=&lt;/span&gt;&lt;span class=&#34;s&#34;&gt;&amp;#34;en&amp;#34;&lt;/span&gt;&lt;span class=&#34;p&#34;&gt;&amp;gt;&lt;/span&gt;
&lt;/span&gt;&lt;/span&gt;&lt;span class=&#34;line&#34;&gt;&lt;span class=&#34;cl&#34;&gt;&lt;span class=&#34;p&#34;&gt;&amp;lt;&lt;/span&gt;&lt;span class=&#34;nt&#34;&gt;head&lt;/span&gt;&lt;span class=&#34;p&#34;&gt;&amp;gt;&lt;/span&gt;
&lt;/span&gt;&lt;/span&gt;&lt;span class=&#34;line&#34;&gt;&lt;span class=&#34;cl&#34;&gt;  &lt;span class=&#34;p&#34;&gt;&amp;lt;&lt;/span&gt;&lt;span class=&#34;nt&#34;&gt;meta&lt;/span&gt; &lt;span class=&#34;na&#34;&gt;charset&lt;/span&gt;&lt;span class=&#34;o&#34;&gt;=&lt;/span&gt;&lt;span class=&#34;s&#34;&gt;&amp;#34;utf-8&amp;#34;&lt;/span&gt;&lt;span class=&#34;p&#34;&gt;&amp;gt;&lt;/span&gt;
&lt;/span&gt;&lt;/span&gt;&lt;span class=&#34;line&#34;&gt;&lt;span class=&#34;cl&#34;&gt;  &lt;span class=&#34;p&#34;&gt;&amp;lt;&lt;/span&gt;&lt;span class=&#34;nt&#34;&gt;title&lt;/span&gt;&lt;span class=&#34;p&#34;&gt;&amp;gt;&lt;/span&gt;Example HTML5 Document&lt;span class=&#34;p&#34;&gt;&amp;lt;/&lt;/span&gt;&lt;span class=&#34;nt&#34;&gt;title&lt;/span&gt;&lt;span class=&#34;p&#34;&gt;&amp;gt;&lt;/span&gt;
&lt;/span&gt;&lt;/span&gt;&lt;span class=&#34;line&#34;&gt;&lt;span class=&#34;cl&#34;&gt;&lt;span class=&#34;p&#34;&gt;&amp;lt;/&lt;/span&gt;&lt;span class=&#34;nt&#34;&gt;head&lt;/span&gt;&lt;span class=&#34;p&#34;&gt;&amp;gt;&lt;/span&gt;
&lt;/span&gt;&lt;/span&gt;&lt;span class=&#34;line&#34;&gt;&lt;span class=&#34;cl&#34;&gt;&lt;span class=&#34;p&#34;&gt;&amp;lt;&lt;/span&gt;&lt;span class=&#34;nt&#34;&gt;body&lt;/span&gt;&lt;span class=&#34;p&#34;&gt;&amp;gt;&lt;/span&gt;
&lt;/span&gt;&lt;/span&gt;&lt;span class=&#34;line&#34;&gt;&lt;span class=&#34;cl&#34;&gt;  &lt;span class=&#34;p&#34;&gt;&amp;lt;&lt;/span&gt;&lt;span class=&#34;nt&#34;&gt;p&lt;/span&gt;&lt;span class=&#34;p&#34;&gt;&amp;gt;&lt;/span&gt;Test&lt;span class=&#34;p&#34;&gt;&amp;lt;/&lt;/span&gt;&lt;span class=&#34;nt&#34;&gt;p&lt;/span&gt;&lt;span class=&#34;p&#34;&gt;&amp;gt;&lt;/span&gt;
&lt;/span&gt;&lt;/span&gt;&lt;span class=&#34;line&#34;&gt;&lt;span class=&#34;cl&#34;&gt;&lt;span class=&#34;p&#34;&gt;&amp;lt;/&lt;/span&gt;&lt;span class=&#34;nt&#34;&gt;body&lt;/span&gt;&lt;span class=&#34;p&#34;&gt;&amp;gt;&lt;/span&gt;
&lt;/span&gt;&lt;/span&gt;&lt;span class=&#34;line&#34;&gt;&lt;span class=&#34;cl&#34;&gt;&lt;span class=&#34;p&#34;&gt;&amp;lt;/&lt;/span&gt;&lt;span class=&#34;nt&#34;&gt;html&lt;/span&gt;&lt;span class=&#34;p&#34;&gt;&amp;gt;&lt;/span&gt;
&lt;/span&gt;&lt;/span&gt;&lt;/code&gt;&lt;/pre&gt;&lt;/td&gt;&lt;/tr&gt;&lt;/table&gt;
&lt;/div&gt;
&lt;/div&gt;&lt;h4 id=&#34;code-block-indented-with-four-spaces&#34;&gt;Code block indented with four spaces
&lt;/h4&gt;&lt;pre&gt;&lt;code&gt;&amp;lt;!doctype html&amp;gt;
&amp;lt;html lang=&amp;quot;en&amp;quot;&amp;gt;
&amp;lt;head&amp;gt;
  &amp;lt;meta charset=&amp;quot;utf-8&amp;quot;&amp;gt;
  &amp;lt;title&amp;gt;Example HTML5 Document&amp;lt;/title&amp;gt;
&amp;lt;/head&amp;gt;
&amp;lt;body&amp;gt;
  &amp;lt;p&amp;gt;Test&amp;lt;/p&amp;gt;
&amp;lt;/body&amp;gt;
&amp;lt;/html&amp;gt;
&lt;/code&gt;&lt;/pre&gt;
&lt;h4 id=&#34;code-block-with-hugos-internal-highlight-shortcode&#34;&gt;Code block with Hugo&amp;rsquo;s internal highlight shortcode
&lt;/h4&gt;&lt;div class=&#34;highlight&#34;&gt;&lt;div class=&#34;chroma&#34;&gt;
&lt;table class=&#34;lntable&#34;&gt;&lt;tr&gt;&lt;td class=&#34;lntd&#34;&gt;
&lt;pre tabindex=&#34;0&#34; class=&#34;chroma&#34;&gt;&lt;code&gt;&lt;span class=&#34;lnt&#34;&gt; 1
&lt;/span&gt;&lt;span class=&#34;lnt&#34;&gt; 2
&lt;/span&gt;&lt;span class=&#34;lnt&#34;&gt; 3
&lt;/span&gt;&lt;span class=&#34;lnt&#34;&gt; 4
&lt;/span&gt;&lt;span class=&#34;lnt&#34;&gt; 5
&lt;/span&gt;&lt;span class=&#34;lnt&#34;&gt; 6
&lt;/span&gt;&lt;span class=&#34;lnt&#34;&gt; 7
&lt;/span&gt;&lt;span class=&#34;lnt&#34;&gt; 8
&lt;/span&gt;&lt;span class=&#34;lnt&#34;&gt; 9
&lt;/span&gt;&lt;span class=&#34;lnt&#34;&gt;10
&lt;/span&gt;&lt;/code&gt;&lt;/pre&gt;&lt;/td&gt;
&lt;td class=&#34;lntd&#34;&gt;
&lt;pre tabindex=&#34;0&#34; class=&#34;chroma&#34;&gt;&lt;code class=&#34;language-html&#34; data-lang=&#34;html&#34;&gt;&lt;span class=&#34;line&#34;&gt;&lt;span class=&#34;cl&#34;&gt;&lt;span class=&#34;cp&#34;&gt;&amp;lt;!doctype html&amp;gt;&lt;/span&gt;
&lt;/span&gt;&lt;/span&gt;&lt;span class=&#34;line&#34;&gt;&lt;span class=&#34;cl&#34;&gt;&lt;span class=&#34;p&#34;&gt;&amp;lt;&lt;/span&gt;&lt;span class=&#34;nt&#34;&gt;html&lt;/span&gt; &lt;span class=&#34;na&#34;&gt;lang&lt;/span&gt;&lt;span class=&#34;o&#34;&gt;=&lt;/span&gt;&lt;span class=&#34;s&#34;&gt;&amp;#34;en&amp;#34;&lt;/span&gt;&lt;span class=&#34;p&#34;&gt;&amp;gt;&lt;/span&gt;
&lt;/span&gt;&lt;/span&gt;&lt;span class=&#34;line&#34;&gt;&lt;span class=&#34;cl&#34;&gt;&lt;span class=&#34;p&#34;&gt;&amp;lt;&lt;/span&gt;&lt;span class=&#34;nt&#34;&gt;head&lt;/span&gt;&lt;span class=&#34;p&#34;&gt;&amp;gt;&lt;/span&gt;
&lt;/span&gt;&lt;/span&gt;&lt;span class=&#34;line&#34;&gt;&lt;span class=&#34;cl&#34;&gt;  &lt;span class=&#34;p&#34;&gt;&amp;lt;&lt;/span&gt;&lt;span class=&#34;nt&#34;&gt;meta&lt;/span&gt; &lt;span class=&#34;na&#34;&gt;charset&lt;/span&gt;&lt;span class=&#34;o&#34;&gt;=&lt;/span&gt;&lt;span class=&#34;s&#34;&gt;&amp;#34;utf-8&amp;#34;&lt;/span&gt;&lt;span class=&#34;p&#34;&gt;&amp;gt;&lt;/span&gt;
&lt;/span&gt;&lt;/span&gt;&lt;span class=&#34;line&#34;&gt;&lt;span class=&#34;cl&#34;&gt;  &lt;span class=&#34;p&#34;&gt;&amp;lt;&lt;/span&gt;&lt;span class=&#34;nt&#34;&gt;title&lt;/span&gt;&lt;span class=&#34;p&#34;&gt;&amp;gt;&lt;/span&gt;Example HTML5 Document&lt;span class=&#34;p&#34;&gt;&amp;lt;/&lt;/span&gt;&lt;span class=&#34;nt&#34;&gt;title&lt;/span&gt;&lt;span class=&#34;p&#34;&gt;&amp;gt;&lt;/span&gt;
&lt;/span&gt;&lt;/span&gt;&lt;span class=&#34;line&#34;&gt;&lt;span class=&#34;cl&#34;&gt;&lt;span class=&#34;p&#34;&gt;&amp;lt;/&lt;/span&gt;&lt;span class=&#34;nt&#34;&gt;head&lt;/span&gt;&lt;span class=&#34;p&#34;&gt;&amp;gt;&lt;/span&gt;
&lt;/span&gt;&lt;/span&gt;&lt;span class=&#34;line&#34;&gt;&lt;span class=&#34;cl&#34;&gt;&lt;span class=&#34;p&#34;&gt;&amp;lt;&lt;/span&gt;&lt;span class=&#34;nt&#34;&gt;body&lt;/span&gt;&lt;span class=&#34;p&#34;&gt;&amp;gt;&lt;/span&gt;
&lt;/span&gt;&lt;/span&gt;&lt;span class=&#34;line&#34;&gt;&lt;span class=&#34;cl&#34;&gt;  &lt;span class=&#34;p&#34;&gt;&amp;lt;&lt;/span&gt;&lt;span class=&#34;nt&#34;&gt;p&lt;/span&gt;&lt;span class=&#34;p&#34;&gt;&amp;gt;&lt;/span&gt;Test&lt;span class=&#34;p&#34;&gt;&amp;lt;/&lt;/span&gt;&lt;span class=&#34;nt&#34;&gt;p&lt;/span&gt;&lt;span class=&#34;p&#34;&gt;&amp;gt;&lt;/span&gt;
&lt;/span&gt;&lt;/span&gt;&lt;span class=&#34;line&#34;&gt;&lt;span class=&#34;cl&#34;&gt;&lt;span class=&#34;p&#34;&gt;&amp;lt;/&lt;/span&gt;&lt;span class=&#34;nt&#34;&gt;body&lt;/span&gt;&lt;span class=&#34;p&#34;&gt;&amp;gt;&lt;/span&gt;
&lt;/span&gt;&lt;/span&gt;&lt;span class=&#34;line&#34;&gt;&lt;span class=&#34;cl&#34;&gt;&lt;span class=&#34;p&#34;&gt;&amp;lt;/&lt;/span&gt;&lt;span class=&#34;nt&#34;&gt;html&lt;/span&gt;&lt;span class=&#34;p&#34;&gt;&amp;gt;&lt;/span&gt;&lt;/span&gt;&lt;/span&gt;&lt;/code&gt;&lt;/pre&gt;&lt;/td&gt;&lt;/tr&gt;&lt;/table&gt;
&lt;/div&gt;
&lt;/div&gt;
&lt;h4 id=&#34;diff-code-block&#34;&gt;Diff code block
&lt;/h4&gt;&lt;div class=&#34;highlight&#34;&gt;&lt;div class=&#34;chroma&#34;&gt;
&lt;table class=&#34;lntable&#34;&gt;&lt;tr&gt;&lt;td class=&#34;lntd&#34;&gt;
&lt;pre tabindex=&#34;0&#34; class=&#34;chroma&#34;&gt;&lt;code&gt;&lt;span class=&#34;lnt&#34;&gt;1
&lt;/span&gt;&lt;span class=&#34;lnt&#34;&gt;2
&lt;/span&gt;&lt;span class=&#34;lnt&#34;&gt;3
&lt;/span&gt;&lt;span class=&#34;lnt&#34;&gt;4
&lt;/span&gt;&lt;span class=&#34;lnt&#34;&gt;5
&lt;/span&gt;&lt;/code&gt;&lt;/pre&gt;&lt;/td&gt;
&lt;td class=&#34;lntd&#34;&gt;
&lt;pre tabindex=&#34;0&#34; class=&#34;chroma&#34;&gt;&lt;code class=&#34;language-diff&#34; data-lang=&#34;diff&#34;&gt;&lt;span class=&#34;line&#34;&gt;&lt;span class=&#34;cl&#34;&gt;[dependencies.bevy]
&lt;/span&gt;&lt;/span&gt;&lt;span class=&#34;line&#34;&gt;&lt;span class=&#34;cl&#34;&gt;git = &amp;#34;https://github.com/bevyengine/bevy&amp;#34;
&lt;/span&gt;&lt;/span&gt;&lt;span class=&#34;line&#34;&gt;&lt;span class=&#34;cl&#34;&gt;rev = &amp;#34;11f52b8c72fc3a568e8bb4a4cd1f3eb025ac2e13&amp;#34;
&lt;/span&gt;&lt;/span&gt;&lt;span class=&#34;line&#34;&gt;&lt;span class=&#34;cl&#34;&gt;&lt;span class=&#34;gd&#34;&gt;- features = [&amp;#34;dynamic&amp;#34;]
&lt;/span&gt;&lt;/span&gt;&lt;/span&gt;&lt;span class=&#34;line&#34;&gt;&lt;span class=&#34;cl&#34;&gt;&lt;span class=&#34;gd&#34;&gt;&lt;/span&gt;&lt;span class=&#34;gi&#34;&gt;+ features = [&amp;#34;jpeg&amp;#34;, &amp;#34;dynamic&amp;#34;]
&lt;/span&gt;&lt;/span&gt;&lt;/span&gt;&lt;/code&gt;&lt;/pre&gt;&lt;/td&gt;&lt;/tr&gt;&lt;/table&gt;
&lt;/div&gt;
&lt;/div&gt;&lt;h2 id=&#34;list-types&#34;&gt;List Types
&lt;/h2&gt;&lt;h4 id=&#34;ordered-list&#34;&gt;Ordered List
&lt;/h4&gt;&lt;ol&gt;
&lt;li&gt;First item&lt;/li&gt;
&lt;li&gt;Second item&lt;/li&gt;
&lt;li&gt;Third item&lt;/li&gt;
&lt;/ol&gt;
&lt;h4 id=&#34;unordered-list&#34;&gt;Unordered List
&lt;/h4&gt;&lt;ul&gt;
&lt;li&gt;List item&lt;/li&gt;
&lt;li&gt;Another item&lt;/li&gt;
&lt;li&gt;And another item&lt;/li&gt;
&lt;/ul&gt;
&lt;h4 id=&#34;nested-list&#34;&gt;Nested list
&lt;/h4&gt;&lt;ul&gt;
&lt;li&gt;Fruit
&lt;ul&gt;
&lt;li&gt;Apple&lt;/li&gt;
&lt;li&gt;Orange&lt;/li&gt;
&lt;li&gt;Banana&lt;/li&gt;
&lt;/ul&gt;
&lt;/li&gt;
&lt;li&gt;Dairy
&lt;ul&gt;
&lt;li&gt;Milk&lt;/li&gt;
&lt;li&gt;Cheese&lt;/li&gt;
&lt;/ul&gt;
&lt;/li&gt;
&lt;/ul&gt;
&lt;h2 id=&#34;other-elements--abbr-sub-sup-kbd-mark&#34;&gt;Other Elements — abbr, sub, sup, kbd, mark
&lt;/h2&gt;&lt;p&gt;&lt;abbr title=&#34;Graphics Interchange Format&#34;&gt;GIF&lt;/abbr&gt; is a bitmap image format.&lt;/p&gt;
&lt;p&gt;H&lt;sub&gt;2&lt;/sub&gt;O&lt;/p&gt;
&lt;p&gt;X&lt;sup&gt;n&lt;/sup&gt; + Y&lt;sup&gt;n&lt;/sup&gt; = Z&lt;sup&gt;n&lt;/sup&gt;&lt;/p&gt;
&lt;p&gt;Press &lt;kbd&gt;CTRL&lt;/kbd&gt; + &lt;kbd&gt;ALT&lt;/kbd&gt; + &lt;kbd&gt;Delete&lt;/kbd&gt; to end the session.&lt;/p&gt;
&lt;p&gt;Most &lt;mark&gt;salamanders&lt;/mark&gt; are nocturnal, and hunt for insects, worms, and other small creatures.&lt;/p&gt;
&lt;h2 id=&#34;hyperlinked-image&#34;&gt;Hyperlinked image
&lt;/h2&gt;&lt;p&gt;&lt;a class=&#34;link&#34; href=&#34;https://google.com&#34;  target=&#34;_blank&#34; rel=&#34;noopener&#34;
    &gt;&lt;img src=&#34;https://www.google.com/images/branding/googlelogo/1x/googlelogo_light_color_272x92dp.png&#34;
	
	
	
	loading=&#34;lazy&#34;
	
		alt=&#34;Google&#34;
	
	
&gt;&lt;/a&gt;&lt;/p&gt;
&lt;div class=&#34;footnotes&#34; role=&#34;doc-endnotes&#34;&gt;
&lt;hr&gt;
&lt;ol&gt;
&lt;li id=&#34;fn:1&#34;&gt;
&lt;p&gt;The above quote is excerpted from Rob Pike&amp;rsquo;s &lt;a class=&#34;link&#34; href=&#34;https://www.youtube.com/watch?v=PAAkCSZUG1c&#34;  target=&#34;_blank&#34; rel=&#34;noopener&#34;
    &gt;talk&lt;/a&gt; during Gopherfest, November 18, 2015.&amp;#160;&lt;a href=&#34;#fnref:1&#34; class=&#34;footnote-backref&#34; role=&#34;doc-backlink&#34;&gt;&amp;#x21a9;&amp;#xfe0e;&lt;/a&gt;&lt;/p&gt;
&lt;/li&gt;
&lt;/ol&gt;
&lt;/div&gt;</description>
        </item>
        <item>
        <title>Rich Content</title>
        <link>https://mr-qingjiegong.github.io/Mr-qingjiegong/p/rich-content/</link>
        <pubDate>Sun, 10 Mar 2019 00:00:00 +0000</pubDate>
        
        <guid>https://mr-qingjiegong.github.io/Mr-qingjiegong/p/rich-content/</guid>
        <description>&lt;p&gt;Hugo ships with several &lt;a class=&#34;link&#34; href=&#34;https://gohugo.io/content-management/shortcodes/#use-hugo-s-built-in-shortcodes&#34;  target=&#34;_blank&#34; rel=&#34;noopener&#34;
    &gt;Built-in Shortcodes&lt;/a&gt; for rich content, along with a &lt;a class=&#34;link&#34; href=&#34;https://gohugo.io/about/hugo-and-gdpr/&#34;  target=&#34;_blank&#34; rel=&#34;noopener&#34;
    &gt;Privacy Config&lt;/a&gt; and a set of Simple Shortcodes that enable static and no-JS versions of various social media embeds.&lt;/p&gt;
&lt;hr&gt;
&lt;h2 id=&#34;youtube-privacy-enhanced-shortcode&#34;&gt;YouTube Privacy Enhanced Shortcode
&lt;/h2&gt;&lt;br&gt;
&lt;hr&gt;
&lt;h2 id=&#34;twitter-simple-shortcode&#34;&gt;Twitter Simple Shortcode
&lt;/h2&gt;&lt;br&gt;
&lt;hr&gt;
&lt;h2 id=&#34;vimeo-simple-shortcode&#34;&gt;Vimeo Simple Shortcode
&lt;/h2&gt;&lt;h2 id=&#34;bilibilibi-shortcode&#34;&gt;bilibilibi Shortcode
&lt;/h2&gt;





    


&lt;div class=&#34;video-wrapper&#34;&gt;
    &lt;iframe src=&#34;https://player.bilibili.com/player.html?as_wide=1&amp;amp;high_quality=1&amp;amp;page=1&amp;aid=498363026&#34;
            scrolling=&#34;no&#34;
            frameborder=&#34;no&#34;
            framespacing=&#34;0&#34;
            allowfullscreen=&#34;true&#34;
    &gt;
    &lt;/iframe&gt;
&lt;/div&gt;

&lt;h2 id=&#34;gist-shortcode&#34;&gt;Gist Shortcode
&lt;/h2&gt;&lt;script src=&#34;https://gist.github.com/spf13/7896402.js&#34;&gt;&lt;/script&gt;

&lt;h2 id=&#34;gitlab-snippets-shortcode&#34;&gt;Gitlab Snippets Shortcode
&lt;/h2&gt;&lt;script
    type=&#34;application/javascript&#34;
    src=&#34;https://gitlab.com/-/snippets/2349278.js&#34;
&gt;&lt;/script&gt;
&lt;h2 id=&#34;quote-shortcode&#34;&gt;Quote Shortcode
&lt;/h2&gt;&lt;p&gt;Stack adds a &lt;code&gt;quote&lt;/code&gt; shortcode.  For example:&lt;/p&gt;
&lt;blockquote&gt;
    &lt;p&gt;Lorem ipsum dolor sit amet, consectetur adipiscing elit, sed do eiusmod tempor incididunt ut labore et dolore magna aliqua. Ut enim ad minim veniam, quis nostrud exercitation ullamco laboris nisi ut aliquip ex ea commodo consequat. Duis aute irure dolor in reprehenderit in voluptate velit esse cillum dolore eu fugiat nulla pariatur. Excepteur sint occaecat cupidatat non proident, sunt in culpa qui officia deserunt mollit anim id est laborum.&lt;/p&gt;&lt;span class=&#34;cite&#34;&gt;&lt;span&gt;― &lt;/span&gt;&lt;span&gt;A famous person, &lt;/span&gt;&lt;a href=&#34;https://en.wikipedia.org/wiki/Book&#34;&gt;&lt;cite&gt;The book they wrote&lt;/cite&gt;&lt;/a&gt;&lt;/span&gt;&lt;/blockquote&gt;
&lt;blockquote&gt;
    &lt;p&gt;Lorem ipsum dolor sit amet, consectetur adipiscing elit, sed do eiusmod tempor incididunt ut labore et dolore magna aliqua. Ut enim ad minim veniam, quis nostrud exercitation ullamco laboris nisi ut aliquip ex ea commodo consequat. Duis aute irure dolor in reprehenderit in voluptate velit esse cillum dolore eu fugiat nulla pariatur. Excepteur sint occaecat cupidatat non proident, sunt in culpa qui officia deserunt mollit anim id est laborum.&lt;/p&gt;&lt;span class=&#34;cite&#34;&gt;&lt;span&gt;― &lt;/span&gt;&lt;a href=&#34;https://en.wikipedia.org/wiki/Book&#34;&gt;&lt;cite&gt;Anonymous book&lt;/cite&gt;&lt;/a&gt;&lt;/span&gt;&lt;/blockquote&gt;
&lt;blockquote&gt;
    &lt;p&gt;Lorem ipsum dolor sit amet, consectetur adipiscing elit, sed do eiusmod tempor incididunt ut labore et dolore magna aliqua. Ut enim ad minim veniam, quis nostrud exercitation ullamco laboris nisi ut aliquip ex ea commodo consequat. Duis aute irure dolor in reprehenderit in voluptate velit esse cillum dolore eu fugiat nulla pariatur. Excepteur sint occaecat cupidatat non proident, sunt in culpa qui officia deserunt mollit anim id est laborum.&lt;/p&gt;&lt;span class=&#34;cite&#34;&gt;&lt;span&gt;― &lt;/span&gt;&lt;cite&gt;Some book&lt;/cite&gt;&lt;/span&gt;&lt;/blockquote&gt;
&lt;blockquote&gt;
    &lt;p&gt;Lorem ipsum dolor sit amet, consectetur adipiscing elit, sed do eiusmod tempor incididunt ut labore et dolore magna aliqua. Ut enim ad minim veniam, quis nostrud exercitation ullamco laboris nisi ut aliquip ex ea commodo consequat. Duis aute irure dolor in reprehenderit in voluptate velit esse cillum dolore eu fugiat nulla pariatur. Excepteur sint occaecat cupidatat non proident, sunt in culpa qui officia deserunt mollit anim id est laborum.&lt;/p&gt;&lt;span class=&#34;cite&#34;&gt;&lt;span&gt;― &lt;/span&gt;&lt;span&gt;Somebody&lt;/span&gt;&lt;cite&gt;&lt;/cite&gt;&lt;/span&gt;&lt;/blockquote&gt;</description>
        </item>
        <item>
        <title>Placeholder Text</title>
        <link>https://mr-qingjiegong.github.io/Mr-qingjiegong/p/placeholder-text/</link>
        <pubDate>Sat, 09 Mar 2019 00:00:00 +0000</pubDate>
        
        <guid>https://mr-qingjiegong.github.io/Mr-qingjiegong/p/placeholder-text/</guid>
        <description>&lt;img src="https://mr-qingjiegong.github.io/Mr-qingjiegong/p/placeholder-text/matt-le-SJSpo9hQf7s-unsplash.jpg" alt="Featured image of post Placeholder Text" /&gt;&lt;p&gt;Lorem est tota propiore conpellat pectoribus de pectora summo.&lt;/p&gt;
&lt;p&gt;Redit teque digerit hominumque toris verebor lumina non cervice subde tollit usus habet Arctonque, furores quas nec ferunt. Quoque montibus nunc caluere tempus inhospita parcite confusaque translucet patri vestro qui optatis lumine cognoscere flos nubis! Fronde ipsamque patulos Dryopen deorum.&lt;/p&gt;
&lt;ol&gt;
&lt;li&gt;Exierant elisi ambit vivere dedere&lt;/li&gt;
&lt;li&gt;Duce pollice&lt;/li&gt;
&lt;li&gt;Eris modo&lt;/li&gt;
&lt;li&gt;Spargitque ferrea quos palude&lt;/li&gt;
&lt;/ol&gt;
&lt;p&gt;Rursus nulli murmur; hastile inridet ut ab gravi sententia! Nomine potitus silentia flumen, sustinet placuit petis in dilapsa erat sunt. Atria tractus malis.&lt;/p&gt;
&lt;ol&gt;
&lt;li&gt;Comas hunc haec pietate fetum procerum dixit&lt;/li&gt;
&lt;li&gt;Post torum vates letum Tiresia&lt;/li&gt;
&lt;li&gt;Flumen querellas&lt;/li&gt;
&lt;li&gt;Arcanaque montibus omnes&lt;/li&gt;
&lt;li&gt;Quidem et&lt;/li&gt;
&lt;/ol&gt;
&lt;h1 id=&#34;vagus-elidunt&#34;&gt;Vagus elidunt
&lt;/h1&gt;&lt;p&gt;&lt;svg class=&#34;canon&#34; xmlns=&#34;http://www.w3.org/2000/svg&#34; overflow=&#34;visible&#34; viewBox=&#34;0 0 496 373&#34; height=&#34;373&#34; width=&#34;496&#34;&gt;&lt;g fill=&#34;none&#34;&gt;&lt;path stroke=&#34;#000&#34; stroke-width=&#34;.75&#34; d=&#34;M.599 372.348L495.263 1.206M.312.633l494.95 370.853M.312 372.633L247.643.92M248.502.92l246.76 370.566M330.828 123.869V1.134M330.396 1.134L165.104 124.515&#34;&gt;&lt;/path&gt;&lt;path stroke=&#34;#ED1C24&#34; stroke-width=&#34;.75&#34; d=&#34;M275.73 41.616h166.224v249.05H275.73zM54.478 41.616h166.225v249.052H54.478z&#34;&gt;&lt;/path&gt;&lt;path stroke=&#34;#000&#34; stroke-width=&#34;.75&#34; d=&#34;M.479.375h495v372h-495zM247.979.875v372&#34;&gt;&lt;/path&gt;&lt;ellipse cx=&#34;498.729&#34; cy=&#34;177.625&#34; rx=&#34;.75&#34; ry=&#34;1.25&#34;&gt;&lt;/ellipse&gt;&lt;ellipse cx=&#34;247.229&#34; cy=&#34;377.375&#34; rx=&#34;.75&#34; ry=&#34;1.25&#34;&gt;&lt;/ellipse&gt;&lt;/g&gt;&lt;/svg&gt;&lt;/p&gt;
&lt;p&gt;&lt;a class=&#34;link&#34; href=&#34;https://en.wikipedia.org/wiki/Canons_of_page_construction#Van_de_Graaf_canon&#34;  target=&#34;_blank&#34; rel=&#34;noopener&#34;
    &gt;The Van de Graaf Canon&lt;/a&gt;&lt;/p&gt;
&lt;h2 id=&#34;mane-refeci-capiebant-unda-mulcebat&#34;&gt;Mane refeci capiebant unda mulcebat
&lt;/h2&gt;&lt;p&gt;Victa caducifer, malo vulnere contra dicere aurato, ludit regale, voca! Retorsit colit est profanae esse virescere furit nec; iaculi matertera et visa est, viribus. Divesque creatis, tecta novat collumque vulnus est, parvas. &lt;strong&gt;Faces illo pepulere&lt;/strong&gt; tempus adest. Tendit flamma, ab opes virum sustinet, sidus sequendo urbis.&lt;/p&gt;
&lt;p&gt;Iubar proles corpore raptos vero auctor imperium; sed et huic: manus caeli Lelegas tu lux. Verbis obstitit intus oblectamina fixis linguisque ausus sperare Echionides cornuaque tenent clausit possit. Omnia putatur. Praeteritae refert ausus; ferebant e primus lora nutat, vici quae mea ipse. Et iter nil spectatae vulnus haerentia iuste et exercebat, sui et.&lt;/p&gt;
&lt;p&gt;Eurytus Hector, materna ipsumque ut Politen, nec, nate, ignari, vernum cohaesit sequitur. Vel &lt;strong&gt;mitis temploque&lt;/strong&gt; vocatus, inque alis, &lt;em&gt;oculos nomen&lt;/em&gt; non silvis corpore coniunx ne displicet illa. Crescunt non unus, vidit visa quantum inmiti flumina mortis facto sic: undique a alios vincula sunt iactata abdita! Suspenderat ego fuit tendit: luna, ante urbem Propoetides &lt;strong&gt;parte&lt;/strong&gt;.&lt;/p&gt;</description>
        </item>
        <item>
        <title>Math Typesetting</title>
        <link>https://mr-qingjiegong.github.io/Mr-qingjiegong/p/math-typesetting/</link>
        <pubDate>Fri, 08 Mar 2019 00:00:00 +0000</pubDate>
        
        <guid>https://mr-qingjiegong.github.io/Mr-qingjiegong/p/math-typesetting/</guid>
        <description>&lt;p&gt;Mathematical notation in a Hugo project can be enabled by using third party JavaScript libraries.&lt;/p&gt;
&lt;p&gt;In this example we will be using &lt;a class=&#34;link&#34; href=&#34;https://katex.org/&#34;  target=&#34;_blank&#34; rel=&#34;noopener&#34;
    &gt;KaTeX&lt;/a&gt;&lt;/p&gt;
&lt;ul&gt;
&lt;li&gt;Create a partial under &lt;code&gt;/layouts/partials/math.html&lt;/code&gt;&lt;/li&gt;
&lt;li&gt;Within this partial reference the &lt;a class=&#34;link&#34; href=&#34;https://katex.org/docs/autorender.html&#34;  target=&#34;_blank&#34; rel=&#34;noopener&#34;
    &gt;Auto-render Extension&lt;/a&gt; or host these scripts locally.&lt;/li&gt;
&lt;li&gt;Include the partial in your templates like so:&lt;/li&gt;
&lt;/ul&gt;
&lt;div class=&#34;highlight&#34;&gt;&lt;div class=&#34;chroma&#34;&gt;
&lt;table class=&#34;lntable&#34;&gt;&lt;tr&gt;&lt;td class=&#34;lntd&#34;&gt;
&lt;pre tabindex=&#34;0&#34; class=&#34;chroma&#34;&gt;&lt;code&gt;&lt;span class=&#34;lnt&#34;&gt;1
&lt;/span&gt;&lt;span class=&#34;lnt&#34;&gt;2
&lt;/span&gt;&lt;span class=&#34;lnt&#34;&gt;3
&lt;/span&gt;&lt;/code&gt;&lt;/pre&gt;&lt;/td&gt;
&lt;td class=&#34;lntd&#34;&gt;
&lt;pre tabindex=&#34;0&#34; class=&#34;chroma&#34;&gt;&lt;code class=&#34;language-bash&#34; data-lang=&#34;bash&#34;&gt;&lt;span class=&#34;line&#34;&gt;&lt;span class=&#34;cl&#34;&gt;&lt;span class=&#34;o&#34;&gt;{{&lt;/span&gt; &lt;span class=&#34;k&#34;&gt;if&lt;/span&gt; or .Params.math .Site.Params.math &lt;span class=&#34;o&#34;&gt;}}&lt;/span&gt;
&lt;/span&gt;&lt;/span&gt;&lt;span class=&#34;line&#34;&gt;&lt;span class=&#34;cl&#34;&gt;&lt;span class=&#34;o&#34;&gt;{{&lt;/span&gt; partial &lt;span class=&#34;s2&#34;&gt;&amp;#34;math.html&amp;#34;&lt;/span&gt; . &lt;span class=&#34;o&#34;&gt;}}&lt;/span&gt;
&lt;/span&gt;&lt;/span&gt;&lt;span class=&#34;line&#34;&gt;&lt;span class=&#34;cl&#34;&gt;&lt;span class=&#34;o&#34;&gt;{{&lt;/span&gt; end &lt;span class=&#34;o&#34;&gt;}}&lt;/span&gt;
&lt;/span&gt;&lt;/span&gt;&lt;/code&gt;&lt;/pre&gt;&lt;/td&gt;&lt;/tr&gt;&lt;/table&gt;
&lt;/div&gt;
&lt;/div&gt;&lt;ul&gt;
&lt;li&gt;To enable KaTeX globally set the parameter &lt;code&gt;math&lt;/code&gt; to &lt;code&gt;true&lt;/code&gt; in a project&amp;rsquo;s configuration&lt;/li&gt;
&lt;li&gt;To enable KaTeX on a per page basis include the parameter &lt;code&gt;math: true&lt;/code&gt; in content files&lt;/li&gt;
&lt;/ul&gt;
&lt;p&gt;&lt;strong&gt;Note:&lt;/strong&gt; Use the online reference of &lt;a class=&#34;link&#34; href=&#34;https://katex.org/docs/supported.html&#34;  target=&#34;_blank&#34; rel=&#34;noopener&#34;
    &gt;Supported TeX Functions&lt;/a&gt;&lt;/p&gt;

&lt;h3 id=&#34;examples&#34;&gt;Examples
&lt;/h3&gt;&lt;p&gt;Inline math: $\varphi = \dfrac{1+\sqrt5}{2}= 1.6180339887…$&lt;/p&gt;
&lt;p&gt;Block math:
&lt;/p&gt;
$$
 \varphi = 1+\frac{1} {1+\frac{1} {1+\frac{1} {1+\cdots} } } 
$$</description>
        </item>
        <item>
        <title>Emoji Support</title>
        <link>https://mr-qingjiegong.github.io/Mr-qingjiegong/p/emoji-support/</link>
        <pubDate>Tue, 05 Mar 2019 00:00:00 +0000</pubDate>
        
        <guid>https://mr-qingjiegong.github.io/Mr-qingjiegong/p/emoji-support/</guid>
        <description>&lt;img src="https://mr-qingjiegong.github.io/Mr-qingjiegong/p/emoji-support/the-creative-exchange-d2zvqp3fpro-unsplash.jpg" alt="Featured image of post Emoji Support" /&gt;&lt;p&gt;Emoji can be enabled in a Hugo project in a number of ways.&lt;/p&gt;
&lt;p&gt;The &lt;a class=&#34;link&#34; href=&#34;https://gohugo.io/functions/emojify/&#34;  target=&#34;_blank&#34; rel=&#34;noopener&#34;
    &gt;&lt;code&gt;emojify&lt;/code&gt;&lt;/a&gt; function can be called directly in templates or &lt;a class=&#34;link&#34; href=&#34;https://gohugo.io/templates/shortcode-templates/#inline-shortcodes&#34;  target=&#34;_blank&#34; rel=&#34;noopener&#34;
    &gt;Inline Shortcodes&lt;/a&gt;.&lt;/p&gt;
&lt;p&gt;To enable emoji globally, set &lt;code&gt;enableEmoji&lt;/code&gt; to &lt;code&gt;true&lt;/code&gt; in your site&amp;rsquo;s &lt;a class=&#34;link&#34; href=&#34;https://gohugo.io/getting-started/configuration/&#34;  target=&#34;_blank&#34; rel=&#34;noopener&#34;
    &gt;configuration&lt;/a&gt; and then you can type emoji shorthand codes directly in content files; e.g.&lt;/p&gt;
&lt;p&gt;&lt;span class=&#34;nowrap&#34;&gt;&lt;span class=&#34;emojify&#34;&gt;🙈&lt;/span&gt; &lt;code&gt;:see_no_evil:&lt;/code&gt;&lt;/span&gt;  &lt;span class=&#34;nowrap&#34;&gt;&lt;span class=&#34;emojify&#34;&gt;🙉&lt;/span&gt; &lt;code&gt;:hear_no_evil:&lt;/code&gt;&lt;/span&gt;  &lt;span class=&#34;nowrap&#34;&gt;&lt;span class=&#34;emojify&#34;&gt;🙊&lt;/span&gt; &lt;code&gt;:speak_no_evil:&lt;/code&gt;&lt;/span&gt;&lt;/p&gt;
&lt;br&gt;
&lt;p&gt;The &lt;a class=&#34;link&#34; href=&#34;http://www.emoji-cheat-sheet.com/&#34;  target=&#34;_blank&#34; rel=&#34;noopener&#34;
    &gt;Emoji cheat sheet&lt;/a&gt; is a useful reference for emoji shorthand codes.&lt;/p&gt;
&lt;hr&gt;
&lt;p&gt;&lt;strong&gt;N.B.&lt;/strong&gt; The above steps enable Unicode Standard emoji characters and sequences in Hugo, however the rendering of these glyphs depends on the browser and the platform. To style the emoji you can either use a third party emoji font or a font stack; e.g.&lt;/p&gt;
&lt;div class=&#34;highlight&#34;&gt;&lt;div class=&#34;chroma&#34;&gt;
&lt;table class=&#34;lntable&#34;&gt;&lt;tr&gt;&lt;td class=&#34;lntd&#34;&gt;
&lt;pre tabindex=&#34;0&#34; class=&#34;chroma&#34;&gt;&lt;code&gt;&lt;span class=&#34;lnt&#34;&gt;1
&lt;/span&gt;&lt;span class=&#34;lnt&#34;&gt;2
&lt;/span&gt;&lt;span class=&#34;lnt&#34;&gt;3
&lt;/span&gt;&lt;/code&gt;&lt;/pre&gt;&lt;/td&gt;
&lt;td class=&#34;lntd&#34;&gt;
&lt;pre tabindex=&#34;0&#34; class=&#34;chroma&#34;&gt;&lt;code class=&#34;language-html&#34; data-lang=&#34;html&#34;&gt;&lt;span class=&#34;line&#34;&gt;&lt;span class=&#34;cl&#34;&gt;.emoji {
&lt;/span&gt;&lt;/span&gt;&lt;span class=&#34;line&#34;&gt;&lt;span class=&#34;cl&#34;&gt;  font-family: Apple Color Emoji, Segoe UI Emoji, NotoColorEmoji, Segoe UI Symbol, Android Emoji, EmojiSymbols;
&lt;/span&gt;&lt;/span&gt;&lt;span class=&#34;line&#34;&gt;&lt;span class=&#34;cl&#34;&gt;}&lt;/span&gt;&lt;/span&gt;&lt;/code&gt;&lt;/pre&gt;&lt;/td&gt;&lt;/tr&gt;&lt;/table&gt;
&lt;/div&gt;
&lt;/div&gt;</description>
        </item>
        <item>
        <title>关于</title>
        <link>https://mr-qingjiegong.github.io/Mr-qingjiegong/%E5%85%B3%E4%BA%8E/</link>
        <pubDate>Mon, 01 Jan 0001 00:00:00 +0000</pubDate>
        
        <guid>https://mr-qingjiegong.github.io/Mr-qingjiegong/%E5%85%B3%E4%BA%8E/</guid>
        <description>&lt;p&gt;This is a test page for i18n support.&lt;/p&gt;
</description>
        </item>
        <item>
        <title>搜索</title>
        <link>https://mr-qingjiegong.github.io/Mr-qingjiegong/search/</link>
        <pubDate>Mon, 01 Jan 0001 00:00:00 +0000</pubDate>
        
        <guid>https://mr-qingjiegong.github.io/Mr-qingjiegong/search/</guid>
        <description></description>
        </item>
        <item>
        <title>友情链接</title>
        <link>https://mr-qingjiegong.github.io/Mr-qingjiegong/%E5%8F%8B%E6%83%85%E9%93%BE%E6%8E%A5/</link>
        <pubDate>Mon, 01 Jan 0001 00:00:00 +0000</pubDate>
        
        <guid>https://mr-qingjiegong.github.io/Mr-qingjiegong/%E5%8F%8B%E6%83%85%E9%93%BE%E6%8E%A5/</guid>
        <description>&lt;p&gt;To use this feature, add &lt;code&gt;links&lt;/code&gt; section to frontmatter.&lt;/p&gt;
&lt;p&gt;This page&amp;rsquo;s frontmatter:&lt;/p&gt;
&lt;div class=&#34;highlight&#34;&gt;&lt;div class=&#34;chroma&#34;&gt;
&lt;table class=&#34;lntable&#34;&gt;&lt;tr&gt;&lt;td class=&#34;lntd&#34;&gt;
&lt;pre tabindex=&#34;0&#34; class=&#34;chroma&#34;&gt;&lt;code&gt;&lt;span class=&#34;lnt&#34;&gt;1
&lt;/span&gt;&lt;span class=&#34;lnt&#34;&gt;2
&lt;/span&gt;&lt;span class=&#34;lnt&#34;&gt;3
&lt;/span&gt;&lt;span class=&#34;lnt&#34;&gt;4
&lt;/span&gt;&lt;span class=&#34;lnt&#34;&gt;5
&lt;/span&gt;&lt;span class=&#34;lnt&#34;&gt;6
&lt;/span&gt;&lt;span class=&#34;lnt&#34;&gt;7
&lt;/span&gt;&lt;span class=&#34;lnt&#34;&gt;8
&lt;/span&gt;&lt;span class=&#34;lnt&#34;&gt;9
&lt;/span&gt;&lt;/code&gt;&lt;/pre&gt;&lt;/td&gt;
&lt;td class=&#34;lntd&#34;&gt;
&lt;pre tabindex=&#34;0&#34; class=&#34;chroma&#34;&gt;&lt;code class=&#34;language-yaml&#34; data-lang=&#34;yaml&#34;&gt;&lt;span class=&#34;line&#34;&gt;&lt;span class=&#34;cl&#34;&gt;&lt;span class=&#34;nt&#34;&gt;links&lt;/span&gt;&lt;span class=&#34;p&#34;&gt;:&lt;/span&gt;&lt;span class=&#34;w&#34;&gt;
&lt;/span&gt;&lt;/span&gt;&lt;/span&gt;&lt;span class=&#34;line&#34;&gt;&lt;span class=&#34;cl&#34;&gt;&lt;span class=&#34;w&#34;&gt;  &lt;/span&gt;- &lt;span class=&#34;nt&#34;&gt;title&lt;/span&gt;&lt;span class=&#34;p&#34;&gt;:&lt;/span&gt;&lt;span class=&#34;w&#34;&gt; &lt;/span&gt;&lt;span class=&#34;l&#34;&gt;GitHub&lt;/span&gt;&lt;span class=&#34;w&#34;&gt;
&lt;/span&gt;&lt;/span&gt;&lt;/span&gt;&lt;span class=&#34;line&#34;&gt;&lt;span class=&#34;cl&#34;&gt;&lt;span class=&#34;w&#34;&gt;    &lt;/span&gt;&lt;span class=&#34;nt&#34;&gt;description&lt;/span&gt;&lt;span class=&#34;p&#34;&gt;:&lt;/span&gt;&lt;span class=&#34;w&#34;&gt; &lt;/span&gt;&lt;span class=&#34;l&#34;&gt;GitHub is the world&amp;#39;s largest software development platform.&lt;/span&gt;&lt;span class=&#34;w&#34;&gt;
&lt;/span&gt;&lt;/span&gt;&lt;/span&gt;&lt;span class=&#34;line&#34;&gt;&lt;span class=&#34;cl&#34;&gt;&lt;span class=&#34;w&#34;&gt;    &lt;/span&gt;&lt;span class=&#34;nt&#34;&gt;website&lt;/span&gt;&lt;span class=&#34;p&#34;&gt;:&lt;/span&gt;&lt;span class=&#34;w&#34;&gt; &lt;/span&gt;&lt;span class=&#34;l&#34;&gt;https://github.com&lt;/span&gt;&lt;span class=&#34;w&#34;&gt;
&lt;/span&gt;&lt;/span&gt;&lt;/span&gt;&lt;span class=&#34;line&#34;&gt;&lt;span class=&#34;cl&#34;&gt;&lt;span class=&#34;w&#34;&gt;    &lt;/span&gt;&lt;span class=&#34;nt&#34;&gt;image&lt;/span&gt;&lt;span class=&#34;p&#34;&gt;:&lt;/span&gt;&lt;span class=&#34;w&#34;&gt; &lt;/span&gt;&lt;span class=&#34;l&#34;&gt;https://github.githubassets.com/images/modules/logos_page/GitHub-Mark.png&lt;/span&gt;&lt;span class=&#34;w&#34;&gt;
&lt;/span&gt;&lt;/span&gt;&lt;/span&gt;&lt;span class=&#34;line&#34;&gt;&lt;span class=&#34;cl&#34;&gt;&lt;span class=&#34;w&#34;&gt;  &lt;/span&gt;- &lt;span class=&#34;nt&#34;&gt;title&lt;/span&gt;&lt;span class=&#34;p&#34;&gt;:&lt;/span&gt;&lt;span class=&#34;w&#34;&gt; &lt;/span&gt;&lt;span class=&#34;l&#34;&gt;TypeScript&lt;/span&gt;&lt;span class=&#34;w&#34;&gt;
&lt;/span&gt;&lt;/span&gt;&lt;/span&gt;&lt;span class=&#34;line&#34;&gt;&lt;span class=&#34;cl&#34;&gt;&lt;span class=&#34;w&#34;&gt;    &lt;/span&gt;&lt;span class=&#34;nt&#34;&gt;description&lt;/span&gt;&lt;span class=&#34;p&#34;&gt;:&lt;/span&gt;&lt;span class=&#34;w&#34;&gt; &lt;/span&gt;&lt;span class=&#34;l&#34;&gt;TypeScript is a typed superset of JavaScript that compiles to plain JavaScript.&lt;/span&gt;&lt;span class=&#34;w&#34;&gt;
&lt;/span&gt;&lt;/span&gt;&lt;/span&gt;&lt;span class=&#34;line&#34;&gt;&lt;span class=&#34;cl&#34;&gt;&lt;span class=&#34;w&#34;&gt;    &lt;/span&gt;&lt;span class=&#34;nt&#34;&gt;website&lt;/span&gt;&lt;span class=&#34;p&#34;&gt;:&lt;/span&gt;&lt;span class=&#34;w&#34;&gt; &lt;/span&gt;&lt;span class=&#34;l&#34;&gt;https://www.typescriptlang.org&lt;/span&gt;&lt;span class=&#34;w&#34;&gt;
&lt;/span&gt;&lt;/span&gt;&lt;/span&gt;&lt;span class=&#34;line&#34;&gt;&lt;span class=&#34;cl&#34;&gt;&lt;span class=&#34;w&#34;&gt;    &lt;/span&gt;&lt;span class=&#34;nt&#34;&gt;image&lt;/span&gt;&lt;span class=&#34;p&#34;&gt;:&lt;/span&gt;&lt;span class=&#34;w&#34;&gt; &lt;/span&gt;&lt;span class=&#34;l&#34;&gt;ts-logo-128.jpg&lt;/span&gt;&lt;span class=&#34;w&#34;&gt;
&lt;/span&gt;&lt;/span&gt;&lt;/span&gt;&lt;/code&gt;&lt;/pre&gt;&lt;/td&gt;&lt;/tr&gt;&lt;/table&gt;
&lt;/div&gt;
&lt;/div&gt;&lt;p&gt;&lt;code&gt;image&lt;/code&gt; field accepts both local and external images.&lt;/p&gt;
</description>
        </item>
        
    </channel>
</rss>
