<?xml version="1.0" encoding="utf-8" standalone="yes"?>
<rss version="2.0" xmlns:atom="http://www.w3.org/2005/Atom">
    <channel>
        <title>Emoji on qingjiegong&#39;s Blog</title>
        <link>https://mr-qingjiegong.github.io/Mr-qingjiegong/tags/emoji/</link>
        <description>Recent content in Emoji on qingjiegong&#39;s Blog</description>
        <generator>Hugo -- gohugo.io</generator>
        <language>zh-cn</language>
        <copyright>qingjiegong</copyright>
        <lastBuildDate>Tue, 10 Sep 2024 02:22:20 +0800</lastBuildDate><atom:link href="https://mr-qingjiegong.github.io/Mr-qingjiegong/tags/emoji/index.xml" rel="self" type="application/rss+xml" /><item>
        <title>Emoji Support</title>
        <link>https://mr-qingjiegong.github.io/Mr-qingjiegong/p/emoji-support/</link>
        <pubDate>Tue, 05 Mar 2019 00:00:00 +0000</pubDate>
        
        <guid>https://mr-qingjiegong.github.io/Mr-qingjiegong/p/emoji-support/</guid>
        <description>&lt;img src="https://mr-qingjiegong.github.io/Mr-qingjiegong/p/emoji-support/the-creative-exchange-d2zvqp3fpro-unsplash.jpg" alt="Featured image of post Emoji Support" /&gt;&lt;p&gt;Emoji can be enabled in a Hugo project in a number of ways.&lt;/p&gt;
&lt;p&gt;The &lt;a class=&#34;link&#34; href=&#34;https://gohugo.io/functions/emojify/&#34;  target=&#34;_blank&#34; rel=&#34;noopener&#34;
    &gt;&lt;code&gt;emojify&lt;/code&gt;&lt;/a&gt; function can be called directly in templates or &lt;a class=&#34;link&#34; href=&#34;https://gohugo.io/templates/shortcode-templates/#inline-shortcodes&#34;  target=&#34;_blank&#34; rel=&#34;noopener&#34;
    &gt;Inline Shortcodes&lt;/a&gt;.&lt;/p&gt;
&lt;p&gt;To enable emoji globally, set &lt;code&gt;enableEmoji&lt;/code&gt; to &lt;code&gt;true&lt;/code&gt; in your site&amp;rsquo;s &lt;a class=&#34;link&#34; href=&#34;https://gohugo.io/getting-started/configuration/&#34;  target=&#34;_blank&#34; rel=&#34;noopener&#34;
    &gt;configuration&lt;/a&gt; and then you can type emoji shorthand codes directly in content files; e.g.&lt;/p&gt;
&lt;p&gt;&lt;span class=&#34;nowrap&#34;&gt;&lt;span class=&#34;emojify&#34;&gt;🙈&lt;/span&gt; &lt;code&gt;:see_no_evil:&lt;/code&gt;&lt;/span&gt;  &lt;span class=&#34;nowrap&#34;&gt;&lt;span class=&#34;emojify&#34;&gt;🙉&lt;/span&gt; &lt;code&gt;:hear_no_evil:&lt;/code&gt;&lt;/span&gt;  &lt;span class=&#34;nowrap&#34;&gt;&lt;span class=&#34;emojify&#34;&gt;🙊&lt;/span&gt; &lt;code&gt;:speak_no_evil:&lt;/code&gt;&lt;/span&gt;&lt;/p&gt;
&lt;br&gt;
&lt;p&gt;The &lt;a class=&#34;link&#34; href=&#34;http://www.emoji-cheat-sheet.com/&#34;  target=&#34;_blank&#34; rel=&#34;noopener&#34;
    &gt;Emoji cheat sheet&lt;/a&gt; is a useful reference for emoji shorthand codes.&lt;/p&gt;
&lt;hr&gt;
&lt;p&gt;&lt;strong&gt;N.B.&lt;/strong&gt; The above steps enable Unicode Standard emoji characters and sequences in Hugo, however the rendering of these glyphs depends on the browser and the platform. To style the emoji you can either use a third party emoji font or a font stack; e.g.&lt;/p&gt;
&lt;div class=&#34;highlight&#34;&gt;&lt;div class=&#34;chroma&#34;&gt;
&lt;table class=&#34;lntable&#34;&gt;&lt;tr&gt;&lt;td class=&#34;lntd&#34;&gt;
&lt;pre tabindex=&#34;0&#34; class=&#34;chroma&#34;&gt;&lt;code&gt;&lt;span class=&#34;lnt&#34;&gt;1
&lt;/span&gt;&lt;span class=&#34;lnt&#34;&gt;2
&lt;/span&gt;&lt;span class=&#34;lnt&#34;&gt;3
&lt;/span&gt;&lt;/code&gt;&lt;/pre&gt;&lt;/td&gt;
&lt;td class=&#34;lntd&#34;&gt;
&lt;pre tabindex=&#34;0&#34; class=&#34;chroma&#34;&gt;&lt;code class=&#34;language-html&#34; data-lang=&#34;html&#34;&gt;&lt;span class=&#34;line&#34;&gt;&lt;span class=&#34;cl&#34;&gt;.emoji {
&lt;/span&gt;&lt;/span&gt;&lt;span class=&#34;line&#34;&gt;&lt;span class=&#34;cl&#34;&gt;  font-family: Apple Color Emoji, Segoe UI Emoji, NotoColorEmoji, Segoe UI Symbol, Android Emoji, EmojiSymbols;
&lt;/span&gt;&lt;/span&gt;&lt;span class=&#34;line&#34;&gt;&lt;span class=&#34;cl&#34;&gt;}&lt;/span&gt;&lt;/span&gt;&lt;/code&gt;&lt;/pre&gt;&lt;/td&gt;&lt;/tr&gt;&lt;/table&gt;
&lt;/div&gt;
&lt;/div&gt;</description>
        </item>
        
    </channel>
</rss>
