<?xml version="1.0" encoding="utf-8" standalone="yes"?>
<rss version="2.0" xmlns:atom="http://www.w3.org/2005/Atom">
    <channel>
        <title>Shortcodes on qingjiegong&#39;s Blog</title>
        <link>https://mr-qingjiegong.github.io/Mr-qingjiegong/tags/shortcodes/</link>
        <description>Recent content in Shortcodes on qingjiegong&#39;s Blog</description>
        <generator>Hugo -- gohugo.io</generator>
        <language>zh-cn</language>
        <copyright>qingjiegong</copyright>
        <lastBuildDate>Tue, 10 Sep 2024 02:28:04 +0800</lastBuildDate><atom:link href="https://mr-qingjiegong.github.io/Mr-qingjiegong/tags/shortcodes/index.xml" rel="self" type="application/rss+xml" /><item>
        <title>Rich Content</title>
        <link>https://mr-qingjiegong.github.io/Mr-qingjiegong/p/rich-content/</link>
        <pubDate>Sun, 10 Mar 2019 00:00:00 +0000</pubDate>
        
        <guid>https://mr-qingjiegong.github.io/Mr-qingjiegong/p/rich-content/</guid>
        <description>&lt;p&gt;Hugo ships with several &lt;a class=&#34;link&#34; href=&#34;https://gohugo.io/content-management/shortcodes/#use-hugo-s-built-in-shortcodes&#34;  target=&#34;_blank&#34; rel=&#34;noopener&#34;
    &gt;Built-in Shortcodes&lt;/a&gt; for rich content, along with a &lt;a class=&#34;link&#34; href=&#34;https://gohugo.io/about/hugo-and-gdpr/&#34;  target=&#34;_blank&#34; rel=&#34;noopener&#34;
    &gt;Privacy Config&lt;/a&gt; and a set of Simple Shortcodes that enable static and no-JS versions of various social media embeds.&lt;/p&gt;
&lt;hr&gt;
&lt;h2 id=&#34;youtube-privacy-enhanced-shortcode&#34;&gt;YouTube Privacy Enhanced Shortcode
&lt;/h2&gt;&lt;br&gt;
&lt;hr&gt;
&lt;h2 id=&#34;twitter-simple-shortcode&#34;&gt;Twitter Simple Shortcode
&lt;/h2&gt;&lt;br&gt;
&lt;hr&gt;
&lt;h2 id=&#34;vimeo-simple-shortcode&#34;&gt;Vimeo Simple Shortcode
&lt;/h2&gt;&lt;h2 id=&#34;bilibilibi-shortcode&#34;&gt;bilibilibi Shortcode
&lt;/h2&gt;





    


&lt;div class=&#34;video-wrapper&#34;&gt;
    &lt;iframe src=&#34;https://player.bilibili.com/player.html?as_wide=1&amp;amp;high_quality=1&amp;amp;page=1&amp;aid=498363026&#34;
            scrolling=&#34;no&#34;
            frameborder=&#34;no&#34;
            framespacing=&#34;0&#34;
            allowfullscreen=&#34;true&#34;
    &gt;
    &lt;/iframe&gt;
&lt;/div&gt;

&lt;h2 id=&#34;gist-shortcode&#34;&gt;Gist Shortcode
&lt;/h2&gt;&lt;script src=&#34;https://gist.github.com/spf13/7896402.js&#34;&gt;&lt;/script&gt;

&lt;h2 id=&#34;gitlab-snippets-shortcode&#34;&gt;Gitlab Snippets Shortcode
&lt;/h2&gt;&lt;script
    type=&#34;application/javascript&#34;
    src=&#34;https://gitlab.com/-/snippets/2349278.js&#34;
&gt;&lt;/script&gt;
&lt;h2 id=&#34;quote-shortcode&#34;&gt;Quote Shortcode
&lt;/h2&gt;&lt;p&gt;Stack adds a &lt;code&gt;quote&lt;/code&gt; shortcode.  For example:&lt;/p&gt;
&lt;blockquote&gt;
    &lt;p&gt;Lorem ipsum dolor sit amet, consectetur adipiscing elit, sed do eiusmod tempor incididunt ut labore et dolore magna aliqua. Ut enim ad minim veniam, quis nostrud exercitation ullamco laboris nisi ut aliquip ex ea commodo consequat. Duis aute irure dolor in reprehenderit in voluptate velit esse cillum dolore eu fugiat nulla pariatur. Excepteur sint occaecat cupidatat non proident, sunt in culpa qui officia deserunt mollit anim id est laborum.&lt;/p&gt;&lt;span class=&#34;cite&#34;&gt;&lt;span&gt;― &lt;/span&gt;&lt;span&gt;A famous person, &lt;/span&gt;&lt;a href=&#34;https://en.wikipedia.org/wiki/Book&#34;&gt;&lt;cite&gt;The book they wrote&lt;/cite&gt;&lt;/a&gt;&lt;/span&gt;&lt;/blockquote&gt;
&lt;blockquote&gt;
    &lt;p&gt;Lorem ipsum dolor sit amet, consectetur adipiscing elit, sed do eiusmod tempor incididunt ut labore et dolore magna aliqua. Ut enim ad minim veniam, quis nostrud exercitation ullamco laboris nisi ut aliquip ex ea commodo consequat. Duis aute irure dolor in reprehenderit in voluptate velit esse cillum dolore eu fugiat nulla pariatur. Excepteur sint occaecat cupidatat non proident, sunt in culpa qui officia deserunt mollit anim id est laborum.&lt;/p&gt;&lt;span class=&#34;cite&#34;&gt;&lt;span&gt;― &lt;/span&gt;&lt;a href=&#34;https://en.wikipedia.org/wiki/Book&#34;&gt;&lt;cite&gt;Anonymous book&lt;/cite&gt;&lt;/a&gt;&lt;/span&gt;&lt;/blockquote&gt;
&lt;blockquote&gt;
    &lt;p&gt;Lorem ipsum dolor sit amet, consectetur adipiscing elit, sed do eiusmod tempor incididunt ut labore et dolore magna aliqua. Ut enim ad minim veniam, quis nostrud exercitation ullamco laboris nisi ut aliquip ex ea commodo consequat. Duis aute irure dolor in reprehenderit in voluptate velit esse cillum dolore eu fugiat nulla pariatur. Excepteur sint occaecat cupidatat non proident, sunt in culpa qui officia deserunt mollit anim id est laborum.&lt;/p&gt;&lt;span class=&#34;cite&#34;&gt;&lt;span&gt;― &lt;/span&gt;&lt;cite&gt;Some book&lt;/cite&gt;&lt;/span&gt;&lt;/blockquote&gt;
&lt;blockquote&gt;
    &lt;p&gt;Lorem ipsum dolor sit amet, consectetur adipiscing elit, sed do eiusmod tempor incididunt ut labore et dolore magna aliqua. Ut enim ad minim veniam, quis nostrud exercitation ullamco laboris nisi ut aliquip ex ea commodo consequat. Duis aute irure dolor in reprehenderit in voluptate velit esse cillum dolore eu fugiat nulla pariatur. Excepteur sint occaecat cupidatat non proident, sunt in culpa qui officia deserunt mollit anim id est laborum.&lt;/p&gt;&lt;span class=&#34;cite&#34;&gt;&lt;span&gt;― &lt;/span&gt;&lt;span&gt;Somebody&lt;/span&gt;&lt;cite&gt;&lt;/cite&gt;&lt;/span&gt;&lt;/blockquote&gt;</description>
        </item>
        
    </channel>
</rss>
