<?xml version="1.0" encoding="utf-8" standalone="yes"?>
<rss version="2.0" xmlns:atom="http://www.w3.org/2005/Atom">
    <channel>
        <title>Tags on qingjiegong&#39;s Blog</title>
        <link>https://mr-qingjiegong.github.io/Mr-qingjiegong/tags/</link>
        <description>Recent content in Tags on qingjiegong&#39;s Blog</description>
        <generator>Hugo -- gohugo.io</generator>
        <language>zh-cn</language>
        <copyright>qingjiegong</copyright>
        <lastBuildDate>Tue, 10 Sep 2024 02:28:04 +0800</lastBuildDate><atom:link href="https://mr-qingjiegong.github.io/Mr-qingjiegong/tags/index.xml" rel="self" type="application/rss+xml" /><item>
        <title>Css</title>
        <link>https://mr-qingjiegong.github.io/Mr-qingjiegong/tags/css/</link>
        <pubDate>Mon, 11 Mar 2019 00:00:00 +0000</pubDate>
        
        <guid>https://mr-qingjiegong.github.io/Mr-qingjiegong/tags/css/</guid>
        <description></description>
        </item>
        <item>
        <title>Html</title>
        <link>https://mr-qingjiegong.github.io/Mr-qingjiegong/tags/html/</link>
        <pubDate>Mon, 11 Mar 2019 00:00:00 +0000</pubDate>
        
        <guid>https://mr-qingjiegong.github.io/Mr-qingjiegong/tags/html/</guid>
        <description></description>
        </item>
        <item>
        <title>Markdown</title>
        <link>https://mr-qingjiegong.github.io/Mr-qingjiegong/tags/markdown/</link>
        <pubDate>Mon, 11 Mar 2019 00:00:00 +0000</pubDate>
        
        <guid>https://mr-qingjiegong.github.io/Mr-qingjiegong/tags/markdown/</guid>
        <description></description>
        </item>
        <item>
        <title>Themes</title>
        <link>https://mr-qingjiegong.github.io/Mr-qingjiegong/tags/themes/</link>
        <pubDate>Mon, 11 Mar 2019 00:00:00 +0000</pubDate>
        
        <guid>https://mr-qingjiegong.github.io/Mr-qingjiegong/tags/themes/</guid>
        <description></description>
        </item>
        <item>
        <title>Privacy</title>
        <link>https://mr-qingjiegong.github.io/Mr-qingjiegong/tags/privacy/</link>
        <pubDate>Sun, 10 Mar 2019 00:00:00 +0000</pubDate>
        
        <guid>https://mr-qingjiegong.github.io/Mr-qingjiegong/tags/privacy/</guid>
        <description></description>
        </item>
        <item>
        <title>Shortcodes</title>
        <link>https://mr-qingjiegong.github.io/Mr-qingjiegong/tags/shortcodes/</link>
        <pubDate>Sun, 10 Mar 2019 00:00:00 +0000</pubDate>
        
        <guid>https://mr-qingjiegong.github.io/Mr-qingjiegong/tags/shortcodes/</guid>
        <description></description>
        </item>
        <item>
        <title>Tag With Whitespaces</title>
        <link>https://mr-qingjiegong.github.io/Mr-qingjiegong/tags/tag-with-whitespaces/</link>
        <pubDate>Sat, 09 Mar 2019 00:00:00 +0000</pubDate>
        
        <guid>https://mr-qingjiegong.github.io/Mr-qingjiegong/tags/tag-with-whitespaces/</guid>
        <description></description>
        </item>
        <item>
        <title>Text</title>
        <link>https://mr-qingjiegong.github.io/Mr-qingjiegong/tags/text/</link>
        <pubDate>Sat, 09 Mar 2019 00:00:00 +0000</pubDate>
        
        <guid>https://mr-qingjiegong.github.io/Mr-qingjiegong/tags/text/</guid>
        <description></description>
        </item>
        <item>
        <title>Emoji</title>
        <link>https://mr-qingjiegong.github.io/Mr-qingjiegong/tags/emoji/</link>
        <pubDate>Tue, 05 Mar 2019 00:00:00 +0000</pubDate>
        
        <guid>https://mr-qingjiegong.github.io/Mr-qingjiegong/tags/emoji/</guid>
        <description></description>
        </item>
        
    </channel>
</rss>
